"__glayCluster","name","selected","shared name"
"9","KCNMB2","false","KCNMB2"
"67","LOC105370337","false","LOC105370337"
"9","STIL","false","STIL"
"9","E2F8","false","E2F8"
"9","EZH2","false","EZH2"
"9","CDKN2B-AS1","false","CDKN2B-AS1"
"9","ASF1B","false","ASF1B"
"9","CDK2","false","CDK2"
"9","TOP2A","false","TOP2A"
"9","NUF2","false","NUF2"
"9","LHX2","false","LHX2"
"9","CCDC18","false","CCDC18"
"9","ATAD5","false","ATAD5"
"9","EP300-AS1","false","EP300-AS1"
"9","E2F1","false","E2F1"
"9","ARHGAP11A","false","ARHGAP11A"
"9","CDCA8","false","CDCA8"
"9","WDR76","false","WDR76"
"9","NEIL3","false","NEIL3"
"66","MIR3198-2","false","MIR3198-2"
"9","BUB1B","false","BUB1B"
"24","SMCO3","false","SMCO3"
"9","IGFBPL1","false","IGFBPL1"
"9","TMEM106C","false","TMEM106C"
"9","TBX18","false","TBX18"
"9","MCM2","false","MCM2"
"9","CKS2","false","CKS2"
"9","KIF20A","false","KIF20A"
"9","FAM111B","false","FAM111B"
"9","ZNF367","false","ZNF367"
"9","TMPO-AS1","false","TMPO-AS1"
"9","WDR62","false","WDR62"
"9","KIF18B","false","KIF18B"
"9","CDC7","false","CDC7"
"9","TMEM201","false","TMEM201"
"9","FANCD2","false","FANCD2"
"9","LOC107986126","false","LOC107986126"
"9","NCAPG","false","NCAPG"
"9","CENPE","false","CENPE"
"9","NCAPG2","false","NCAPG2"
"9","LOC100288637","false","LOC100288637"
"9","NUSAP1","false","NUSAP1"
"9","NSD2","false","NSD2"
"9","CENPF","false","CENPF"
"9","CDCA7L","false","CDCA7L"
"9","PRC1-AS1","false","PRC1-AS1"
"9","DEPDC1","false","DEPDC1"
"9","PRC1","false","PRC1"
"9","ATP6V0E2","false","ATP6V0E2"
"9","BRIP1","false","BRIP1"
"9","PTEN","false","PTEN"
"9","CELSR3","false","CELSR3"
"9","KNL1","false","KNL1"
"9","ESPL1","false","ESPL1"
"9","CCND2","false","CCND2"
"9","LRRC37A8P","false","LRRC37A8P"
"9","FBXO5","false","FBXO5"
"9","CENPU","false","CENPU"
"9","CDK1","false","CDK1"
"9","BUB1B-PAK6","false","BUB1B-PAK6"
"9","CHAF1A","false","CHAF1A"
"9","MND1","false","MND1"
"9","GASK1B","false","GASK1B"
"9","TFDP1","false","TFDP1"
"9","ANLN","false","ANLN"
"9","CKAP2L","false","CKAP2L"
"10","C5orf34","false","C5orf34"
"9","ATAD2","false","ATAD2"
"9","SMC2","false","SMC2"
"2","TIMELESS","false","TIMELESS"
"9","POLQ","false","POLQ"
"9","DSN1","false","DSN1"
"9","PCDHAC1","false","PCDHAC1"
"9","MMS22L","false","MMS22L"
"2","DNMT1","false","DNMT1"
"9","PSRC1","false","PSRC1"
"9","IQGAP3","false","IQGAP3"
"9","EMC3-AS1","false","EMC3-AS1"
"9","LIG1","false","LIG1"
"9","HPCAL1","false","HPCAL1"
"2","BCL2L11","false","BCL2L11"
"9","BRME1","false","BRME1"
"9","HMGB2","false","HMGB2"
"9","PHF19","false","PHF19"
"67","KCNF1","false","KCNF1"
"15","ICAM1","false","ICAM1"
"15","TNFRSF9","false","TNFRSF9"
"15","C1QB","false","C1QB"
"15","DOCK2","false","DOCK2"
"15","BCL11B","false","BCL11B"
"15","SLC37A2","false","SLC37A2"
"15","APBB1IP","false","APBB1IP"
"15","TNFRSF18","false","TNFRSF18"
"15","DOK2","false","DOK2"
"15","CD48","false","CD48"
"15","CTSS","false","CTSS"
"15","GK","false","GK"
"5","NKD1","false","NKD1"
"15","CCR5","false","CCR5"
"15","ETV7","false","ETV7"
"15","LAPTM5","false","LAPTM5"
"15","EPSTI1","false","EPSTI1"
"15","ANKRD22","false","ANKRD22"
"15","BATF2","false","BATF2"
"15","CGAS","false","CGAS"
"15","GBP5","false","GBP5"
"15","OASL","false","OASL"
"15","NFAM1","false","NFAM1"
"15","PATL2","false","PATL2"
"15","APOL6","false","APOL6"
"15","SIGLEC7","false","SIGLEC7"
"15","CORO1A","false","CORO1A"
"15","EVI2B","false","EVI2B"
"15","IL7R","false","IL7R"
"15","IFI30","false","IFI30"
"15","EDEM1","false","EDEM1"
"15","DOCK10","false","DOCK10"
"15","ADAMDEC1","false","ADAMDEC1"
"15","PTPN22","false","PTPN22"
"15","ADCY5","false","ADCY5"
"15","MAFB","false","MAFB"
"15","LOC100419170","false","LOC100419170"
"15","TAP1","false","TAP1"
"15","ITGB2","false","ITGB2"
"15","KLHL6","false","KLHL6"
"15","PDCD1LG2","false","PDCD1LG2"
"15","RIPK2","false","RIPK2"
"15","CD86","false","CD86"
"15","CALHM6","false","CALHM6"
"15","SP140","false","SP140"
"15","FPR3","false","FPR3"
"15","GFI1","false","GFI1"
"15","CD4","false","CD4"
"15","IRF1","false","IRF1"
"15","EVI2A","false","EVI2A"
"15","SIRPG","false","SIRPG"
"15","CASP1","false","CASP1"
"15","SAMSN1","false","SAMSN1"
"15","CD68","false","CD68"
"15","LIPM","false","LIPM"
"15","STAT1","false","STAT1"
"15","CXCL9","false","CXCL9"
"15","SLC1A3","false","SLC1A3"
"15","SLAMF8","false","SLAMF8"
"15","LILRB4","false","LILRB4"
"15","MSR1","false","MSR1"
"15","KCNAB2","false","KCNAB2"
"15","LINC02195","false","LINC02195"
"15","TNFAIP6","false","TNFAIP6"
"15","GPR171","false","GPR171"
"15","IL2RG","false","IL2RG"
"15","PSMB9","false","PSMB9"
"15","CRYBG1","false","CRYBG1"
"15","CRTAM","false","CRTAM"
"15","SH2D1A","false","SH2D1A"
"15","SAMD9","false","SAMD9"
"15","CXCR6","false","CXCR6"
"15","HAVCR2","false","HAVCR2"
"15","LAIR2","false","LAIR2"
"15","SLA","false","SLA"
"15","ARHGAP30","false","ARHGAP30"
"15","LINC01050","false","LINC01050"
"15","CXCL10","false","CXCL10"
"15","CYTIP","false","CYTIP"
"15","IL12RB1","false","IL12RB1"
"15","CD84","false","CD84"
"15","IL2RB","false","IL2RB"
"15","CXCR3","false","CXCR3"
"15","FAM78A","false","FAM78A"
"15","TNFSF13B","false","TNFSF13B"
"15","MICB","false","MICB"
"15","TYMP","false","TYMP"
"15","CCRL2","false","CCRL2"
"15","CSTA","false","CSTA"
"15","CD80","false","CD80"
"15","CXCR2P1","false","CXCR2P1"
"15","IFI44","false","IFI44"
"15","VCAM1","false","VCAM1"
"15","TFEC","false","TFEC"
"15","BATF","false","BATF"
"15","BOK","false","BOK"
"15","PTPRC","false","PTPRC"
"15","PLEK","false","PLEK"
"15","ZNF267","false","ZNF267"
"15","LILRA6","false","LILRA6"
"15","LINC01943","false","LINC01943"
"15","BIRC3","false","BIRC3"
"15","PARP14","false","PARP14"
"15","CCR1","false","CCR1"
"15","LYZ","false","LYZ"
"15","C1QC","false","C1QC"
"15","GZMA","false","GZMA"
"15","AIM2","false","AIM2"
"15","LOC107984551","false","LOC107984551"
"15","SLAMF7","false","SLAMF7"
"15","ZBED2","false","ZBED2"
"15","SASH3","false","SASH3"
"15","ICOS","false","ICOS"
"15","ITGAL","false","ITGAL"
"66","EFNA5","false","EFNA5"
"66","ACTA1","false","ACTA1"
"66","PABPC1L","false","PABPC1L"
"15","LILRA5","false","LILRA5"
"15","APOBR","false","APOBR"
"15","CLDN14","false","CLDN14"
"15","GPR174","false","GPR174"
"15","CTSD","false","CTSD"
"15","CCL5","false","CCL5"
"5","SPHK1","false","SPHK1"
"15","CYTOR","false","CYTOR"
"15","KLHDC7B-DT","false","KLHDC7B-DT"
"15","MIR4435-2HG","false","MIR4435-2HG"
"15","IFI27","false","IFI27"
"15","LINC01871","false","LINC01871"
"15","OAS2","false","OAS2"
"15","LINC02541","false","LINC02541"
"15","MIR147B","false","MIR147B"
"15","SPN","false","SPN"
"15","CD180","false","CD180"
"15","HK3","false","HK3"
"15","PILRA","false","PILRA"
"15","S100A3","false","S100A3"
"15","LOC102724765","false","LOC102724765"
"15","ADTRP","false","ADTRP"
"15","KCNN4","false","KCNN4"
"15","CTSZ","false","CTSZ"
"15","PELATON","false","PELATON"
"35","ZKSCAN8P1","false","ZKSCAN8P1"
"45","LOC105375172","false","LOC105375172"
"15","UNC93B1","false","UNC93B1"
"15","LIPC","false","LIPC"
"15","IL18","false","IL18"
"15","PSTPIP1","false","PSTPIP1"
"15","KLHDC7B","false","KLHDC7B"
"15","LOC105375798","false","LOC105375798"
"15","RAC2","false","RAC2"
"15","TBC1D10C","false","TBC1D10C"
"15","SIGLEC8","false","SIGLEC8"
"15","SDS","false","SDS"
"15","BST2","false","BST2"
"15","MYO1G","false","MYO1G"
"15","C15orf48","false","C15orf48"
"15","LINC01857","false","LINC01857"
"15","LY75","false","LY75"
"15","UPP1","false","UPP1"
"15","FOSL1","false","FOSL1"
"15","ARL4C","false","ARL4C"
"15","CD52","false","CD52"
"15","DENND2D","false","DENND2D"
"15","APOC2","false","APOC2"
"15","PTAFR","false","PTAFR"
"15","FMNL1-DT","false","FMNL1-DT"
"15","APOBEC3G","false","APOBEC3G"
"15","GALNT6","false","GALNT6"
"15","APOC1","false","APOC1"
"15","KYNU","false","KYNU"
"15","LOC101928517","false","LOC101928517"
"15","CD6","false","CD6"
"15","P2RY6","false","P2RY6"
"15","CCL18","false","CCL18"
"15","BCL2A1","false","BCL2A1"
"15","UBASH3A","false","UBASH3A"
"15","IL1R2","false","IL1R2"
"15","ZBP1","false","ZBP1"
"15","IGSF6","false","IGSF6"
"3","TMEM244","false","TMEM244"
"15","CD3D","false","CD3D"
"15","NCF2","false","NCF2"
"15","CD300A","false","CD300A"
"15","TMEM156","false","TMEM156"
"15","EXOC3L4","false","EXOC3L4"
"15","CD300LF","false","CD300LF"
"15","OSCAR","false","OSCAR"
"15","CLDN14-AS1","false","CLDN14-AS1"
"15","LOC102723996","false","LOC102723996"
"15","LINC01615","false","LINC01615"
"15","APOBEC3H","false","APOBEC3H"
"15","HECW2-AS1","false","HECW2-AS1"
"15","ANPEP","false","ANPEP"
"15","RGS1","false","RGS1"
"15","OTOAP1","false","OTOAP1"
"15","FFAR4","false","FFAR4"
"9","PAQR4","false","PAQR4"
"9","SAP30","false","SAP30"
"9","CKAP2","false","CKAP2"
"9","FOXM1","false","FOXM1"
"9","C21orf58","false","C21orf58"
"9","CLSPN","false","CLSPN"
"5","ADORA2B","false","ADORA2B"
"9","CDKN2C","false","CDKN2C"
"9","CDCA2","false","CDCA2"
"9","LRR1","false","LRR1"
"9","SLC25A40","false","SLC25A40"
"9","GRM4","false","GRM4"
"9","CDCA4","false","CDCA4"
"9","SPSB4","false","SPSB4"
"5","MYL11","false","MYL11"
"9","ASPM","false","ASPM"
"9","CDC6","false","CDC6"
"9","DIAPH3","false","DIAPH3"
"9","FAM72A","false","FAM72A"
"9","FAM72C","false","FAM72C"
"9","FANCI","false","FANCI"
"9","ANP32E","false","ANP32E"
"9","NEK2","false","NEK2"
"9","ADCY1","false","ADCY1"
"9","TPX2","false","TPX2"
"9","SKA3","false","SKA3"
"9","TCF19","false","TCF19"
"9","CDKN2D","false","CDKN2D"
"9","PMAIP1","false","PMAIP1"
"9","KIF14","false","KIF14"
"9","RAD18","false","RAD18"
"9","MYBL1","false","MYBL1"
"9","RAD51","false","RAD51"
"9","DSCAML1","false","DSCAML1"
"9","RIBC2","false","RIBC2"
"9","CIP2A","false","CIP2A"
"9","LRRIQ3","false","LRRIQ3"
"9","MCM6","false","MCM6"
"9","LOC100294145","false","LOC100294145"
"9","GTSE1","false","GTSE1"
"9","FAM72B","false","FAM72B"
"9","LCORL","false","LCORL"
"9","RMI2","false","RMI2"
"5","GARNL3","false","GARNL3"
"9","CENPL","false","CENPL"
"9","CCNE1","false","CCNE1"
"9","MASTL","false","MASTL"
"9","TNNI1","false","TNNI1"
"9","CEP55","false","CEP55"
"9","CA2","false","CA2"
"5","RBL1","false","RBL1"
"9","LINC01238","false","LINC01238"
"9","LOC105370705","false","LOC105370705"
"9","ZNF503","false","ZNF503"
"9","LINC02849","false","LINC02849"
"5","LOC105370960","false","LOC105370960"
"9","KIF23","false","KIF23"
"2","PI4K2B","false","PI4K2B"
"5","FLRT2-AS1","false","FLRT2-AS1"
"9","SHCBP1","false","SHCBP1"
"9","CENPA","false","CENPA"
"9","FAM72D","false","FAM72D"
"9","ANKRD9","false","ANKRD9"
"9","DCLRE1B","false","DCLRE1B"
"9","DBF4","false","DBF4"
"9","HOPX","false","HOPX"
"9","CDKN3","false","CDKN3"
"9","C9orf40","false","C9orf40"
"9","USP1","false","USP1"
"5","SLC43A3","false","SLC43A3"
"9","C10orf143","false","C10orf143"
"9","PBK","false","PBK"
"9","E2F7","false","E2F7"
"9","ACYP1","false","ACYP1"
"9","HDGF","false","HDGF"
"9","TRAIP","false","TRAIP"
"7","C8orf48","false","C8orf48"
"9","CHAF1B","false","CHAF1B"
"9","ORC1","false","ORC1"
"5","GEN1","false","GEN1"
"2","MTBP","false","MTBP"
"9","MAD2L1","false","MAD2L1"
"9","KIF18A","false","KIF18A"
"9","ESCO2","false","ESCO2"
"9","DNMT3B","false","DNMT3B"
"9","ORC6","false","ORC6"
"9","SKA1","false","SKA1"
"9","KIF4A","false","KIF4A"
"2","SNORA10","false","SNORA10"
"9","RFC3","false","RFC3"
"9","RAD54L","false","RAD54L"
"9","RMI1","false","RMI1"
"2","SCARNA5","false","SCARNA5"
"9","INCENP","false","INCENP"
"9","CENPH","false","CENPH"
"9","CENPI","false","CENPI"
"9","PASK","false","PASK"
"9","CFAP20DC","false","CFAP20DC"
"9","LOC105372115","false","LOC105372115"
"9","SMC4","false","SMC4"
"9","TTK","false","TTK"
"9","SHMT1","false","SHMT1"
"9","ZWINT","false","ZWINT"
"9","CDC20","false","CDC20"
"9","BARD1","false","BARD1"
"9","DNAH11","false","DNAH11"
"9","PTPN3","false","PTPN3"
"5","FAM83D","false","FAM83D"
"9","LOC151760","false","LOC151760"
"9","SGO2","false","SGO2"
"9","UBE2C","false","UBE2C"
"2","C9orf43","false","C9orf43"
"2","ADCY4","false","ADCY4"
"9","ARHGAP11B","false","ARHGAP11B"
"9","DDX11L17","false","DDX11L17"
"9","KIF15","false","KIF15"
"9","SRGAP2B","false","SRGAP2B"
"9","POLA1","false","POLA1"
"2","BRCA2","false","BRCA2"
"9","CLGN","false","CLGN"
"9","ATP6V0D1","false","ATP6V0D1"
"9","IRX5","false","IRX5"
"9","PLK4","false","PLK4"
"9","FAM110D","false","FAM110D"
"9","TICRR","false","TICRR"
"2","DNA2","false","DNA2"
"9","CDC45","false","CDC45"
"9","ZIC2","false","ZIC2"
"9","SGO1","false","SGO1"
"62","C4orf46","false","C4orf46"
"9","INMT-MINDY4","false","INMT-MINDY4"
"9","DDIAS","false","DDIAS"
"9","MINDY4","false","MINDY4"
"9","SPC24","false","SPC24"
"9","ZDHHC14","false","ZDHHC14"
"9","CDC25C","false","CDC25C"
"2","SMOC2","false","SMOC2"
"9","C19orf81","false","C19orf81"
"9","XRCC2","false","XRCC2"
"9","BUB1","false","BUB1"
"9","ERCC6L","false","ERCC6L"
"9","HMMR","false","HMMR"
"9","SKA2","false","SKA2"
"9","KIF11","false","KIF11"
"9","RRM2","false","RRM2"
"9","RAD51AP1","false","RAD51AP1"
"9","CCNA2","false","CCNA2"
"9","TRIM59","false","TRIM59"
"9","AKR1C3","false","AKR1C3"
"9","IGF1","false","IGF1"
"9","POLE2","false","POLE2"
"9","E2F2","false","E2F2"
"9","PCLAF","false","PCLAF"
"9","DEPDC1B","false","DEPDC1B"
"9","OIP5","false","OIP5"
"9","KIFC1","false","KIFC1"
"9","CEP152","false","CEP152"
"2","CENPK","false","CENPK"
"9","KNSTRN","false","KNSTRN"
"16","ADGRL2","false","ADGRL2"
"9","PDE2A","false","PDE2A"
"9","DPY19L2P2","false","DPY19L2P2"
"9","GAPDH-DT","false","GAPDH-DT"
"9","TROAP","false","TROAP"
"12","CEP85","false","CEP85"
"9","GINS4","false","GINS4"
"9","ZGRF1","false","ZGRF1"
"9","LMNB2","false","LMNB2"
"9","TIMP3","false","TIMP3"
"9","HELLS","false","HELLS"
"9","MTFR2","false","MTFR2"
"9","RECQL4","false","RECQL4"
"9","CCNB2","false","CCNB2"
"9","PIF1","false","PIF1"
"9","SOCS2","false","SOCS2"
"9","SHANK1","false","SHANK1"
"9","KIF20B","false","KIF20B"
"9","SOCS2-AS1","false","SOCS2-AS1"
"9","KIF2C","false","KIF2C"
"9","CIT","false","CIT"
"9","MCM10","false","MCM10"
"9","LMNB1","false","LMNB1"
"2","EFCC1","false","EFCC1"
"9","TYMS","false","TYMS"
"9","F2RL2","false","F2RL2"
"9","PEG3-AS1","false","PEG3-AS1"
"9","CCNB1","false","CCNB1"
"9","RERG","false","RERG"
"9","BLM","false","BLM"
"9","RTKN2","false","RTKN2"
"10","RCCD1","false","RCCD1"
"9","CCDC150","false","CCDC150"
"9","SCAT2","false","SCAT2"
"9","GINS1","false","GINS1"
"9","ARL6IP1","false","ARL6IP1"
"9","NCAPH","false","NCAPH"
"9","CEP72","false","CEP72"
"9","AURKA","false","AURKA"
"9","NDC80","false","NDC80"
"9","NDRG2","false","NDRG2"
"2","WNT3","false","WNT3"
"2","PGR","false","PGR"
"9","DEPDC1-AS1","false","DEPDC1-AS1"
"9","GAS2L3","false","GAS2L3"
"9","PRR11","false","PRR11"
"9","IL36G","false","IL36G"
"9","CRNDE","false","CRNDE"
"9","UHRF1","false","UHRF1"
"2","CDC42EP2","false","CDC42EP2"
"9","AQP1","false","AQP1"
"9","MKI67","false","MKI67"
"9","DHFR","false","DHFR"
"9","SPDL1","false","SPDL1"
"2","TNXB","false","TNXB"
"9","SPAG5","false","SPAG5"
"9","FBXO43","false","FBXO43"
"9","BRCA1","false","BRCA1"
"9","SGO1-AS1","false","SGO1-AS1"
"9","GMNN","false","GMNN"
"9","MCM4","false","MCM4"
"2","DIPK2B","false","DIPK2B"
"9","HROB","false","HROB"
"9","TRIP13","false","TRIP13"
"9","MELK","false","MELK"
"9","UBE2T","false","UBE2T"
"9","STMN1","false","STMN1"
"5","MIR31HG","false","MIR31HG"
"15","CD8B","false","CD8B"
"15","GPR84","false","GPR84"
"15","LINC02084","false","LINC02084"
"15","FMNL1","false","FMNL1"
"15","PODNL1","false","PODNL1"
"15","HMOX1","false","HMOX1"
"15","IL1B","false","IL1B"
"15","UBD","false","UBD"
"15","SERPINA1","false","SERPINA1"
"15","TNFSF14","false","TNFSF14"
"15","STXBP2","false","STXBP2"
"15","TREM2","false","TREM2"
"15","CD70","false","CD70"
"15","CCR7","false","CCR7"
"15","SIGLEC10","false","SIGLEC10"
"15","PYHIN1","false","PYHIN1"
"15","ACY3","false","ACY3"
"15","PCOLCE-AS1","false","PCOLCE-AS1"
"2","PRR5L","false","PRR5L"
"15","P2RY10","false","P2RY10"
"15","IL21R","false","IL21R"
"15","MCOLN2","false","MCOLN2"
"15","SLC7A7","false","SLC7A7"
"15","COL10A1","false","COL10A1"
"15","TREML1","false","TREML1"
"15","APOL1","false","APOL1"
"15","SIT1","false","SIT1"
"15","TAGLN2","false","TAGLN2"
"15","SLC12A8","false","SLC12A8"
"15","LCK","false","LCK"
"15","FCGR3B","false","FCGR3B"
"15","LOC107986951","false","LOC107986951"
"15","SOCAR","false","SOCAR"
"15","CD8A","false","CD8A"
"15","CD40","false","CD40"
"15","USP30-AS1","false","USP30-AS1"
"15","CD2","false","CD2"
"15","TRAF3IP3","false","TRAF3IP3"
"15","MIR4260","false","MIR4260"
"15","PSD4","false","PSD4"
"15","ZNF683","false","ZNF683"
"15","ADM","false","ADM"
"15","IL21R-AS1","false","IL21R-AS1"
"15","ALPK2","false","ALPK2"
"15","NPL","false","NPL"
"15","TRAT1","false","TRAT1"
"15","LINC00539","false","LINC00539"
"15","GMIP","false","GMIP"
"15","APOC4-APOC2","false","APOC4-APOC2"
"15","SIGLEC9","false","SIGLEC9"
"15","SLC31A2","false","SLC31A2"
"15","CTSW","false","CTSW"
"15","ITGAX","false","ITGAX"
"15","TRAC","false","TRAC"
"15","PDCD1","false","PDCD1"
"15","EML2-AS1","false","EML2-AS1"
"15","LGMN","false","LGMN"
"15","STAC3","false","STAC3"
"15","CD5","false","CD5"
"22","MAP4K1","false","MAP4K1"
"15","CD96","false","CD96"
"15","ITK","false","ITK"
"15","CYP2S1","false","CYP2S1"
"15","SIGLEC12","false","SIGLEC12"
"2","RNU2-1","false","RNU2-1"
"2","RN7SL1","false","RN7SL1"
"2","RN7SL2","false","RN7SL2"
"2","IRF7","false","IRF7"
"2","AKR1B10","false","AKR1B10"
"2","LOC105378179","false","LOC105378179"
"9","RRM1","false","RRM1"
"9","LOC107985492","false","LOC107985492"
"9","GPRIN1","false","GPRIN1"
"9","SNORD160","false","SNORD160"
"9","AURKB","false","AURKB"
"9","HJURP","false","HJURP"
"9","SPC25","false","SPC25"
"9","WDHD1","false","WDHD1"
"9","GINS2","false","GINS2"
"9","HOXD13","false","HOXD13"
"9","ENO1","false","ENO1"
"9","LIPG","false","LIPG"
"9","NT5DC2","false","NT5DC2"
"9","EXO1","false","EXO1"
"9","H3C3","false","H3C3"
"2","E2F3","false","E2F3"
"9","MYBL2","false","MYBL2"
"9","TUBB4B","false","TUBB4B"
"9","MAD2L2","false","MAD2L2"
"9","DTL","false","DTL"
"9","CC2D2B","false","CC2D2B"
"9","H2AC13","false","H2AC13"
"9","CENPN","false","CENPN"
"9","FEN1","false","FEN1"
"9","COL11A1","false","COL11A1"
"9","RACGAP1","false","RACGAP1"
"9","FANCB","false","FANCB"
"9","SOX11","false","SOX11"
"9","ZFP2","false","ZFP2"
"9","CHEK1","false","CHEK1"
"5","H3C14","false","H3C14"
"2","PLK1","false","PLK1"
"9","CRADD-AS1","false","CRADD-AS1"
"9","CELF6","false","CELF6"
"9","NT5DC4","false","NT5DC4"
"9","PNPLA3","false","PNPLA3"
"9","CDC25A","false","CDC25A"
"9","UBE2S","false","UBE2S"
"9","SAPCD2","false","SAPCD2"
"5","HOXA10","false","HOXA10"
"23","CFAP69","false","CFAP69"
"9","LINC01971","false","LINC01971"
"5","RANGAP1","false","RANGAP1"
"5","TUBA1B","false","TUBA1B"
"9","MCM8","false","MCM8"
"9","SRL","false","SRL"
"9","CENPM","false","CENPM"
"9","DLGAP5","false","DLGAP5"
"9","ZWILCH","false","ZWILCH"
"9","CDCA5","false","CDCA5"
"9","BIRC5","false","BIRC5"
"10","SLF1","false","SLF1"
"9","RANBP1","false","RANBP1"
"5","ATP6V0D2","false","ATP6V0D2"
"6","RUNX2-AS1","false","RUNX2-AS1"
"9","ANTXR2","false","ANTXR2"
"9","RIPK4","false","RIPK4"
"9","DLX1","false","DLX1"
"9","GINS3","false","GINS3"
"9","LOC105377508","false","LOC105377508"
"5","IRX3","false","IRX3"
"9","RIN1","false","RIN1"
"15","LINC00673","false","LINC00673"
"9","CCDC34","false","CCDC34"
"2","ZFHX4-AS1","false","ZFHX4-AS1"
"5","BMAL2","false","BMAL2"
"15","LINC02316","false","LINC02316"
"29","SLC26A4-AS1","false","SLC26A4-AS1"
"2","BST1","false","BST1"
"15","LOC105377123","false","LOC105377123"
"15","MYCL","false","MYCL"
"15","GCNT1","false","GCNT1"
"15","OSM","false","OSM"
"15","TMEM52B","false","TMEM52B"
"15","RFX8","false","RFX8"
"15","DNAJC5B","false","DNAJC5B"
"15","VEPH1","false","VEPH1"
"15","CLEC5A","false","CLEC5A"
"15","PLA2G7","false","PLA2G7"
"15","PLAUR","false","PLAUR"
"5","DOP1B","false","DOP1B"
"15","RPS6KA1","false","RPS6KA1"
"15","ADORA3","false","ADORA3"
"15","LSP1","false","LSP1"
"15","PLEKHN1","false","PLEKHN1"
"15","OLR1","false","OLR1"
"5","HEG1","false","HEG1"
"15","STEAP3","false","STEAP3"
"15","COL8A1","false","COL8A1"
"5","KCNK13","false","KCNK13"
"15","NFE2L3","false","NFE2L3"
"15","DAAM1","false","DAAM1"
"15","FBP1","false","FBP1"
"9","MIR924HG","false","MIR924HG"
"9","DHCR24","false","DHCR24"
"9","SLC7A5","false","SLC7A5"
"10","PSAT1","false","PSAT1"
"9","LOC107985017","false","LOC107985017"
"9","SNHG31","false","SNHG31"
"9","GALNT18","false","GALNT18"
"53","CDKN2A","false","CDKN2A"
"46","SEC31B","false","SEC31B"
"9","LHPP","false","LHPP"
"61","UNC5C","false","UNC5C"
"9","ENTPD1","false","ENTPD1"
"10","MZT1","false","MZT1"
"5","ZDHHC13","false","ZDHHC13"
"9","VSTM4","false","VSTM4"
"20","CDKN2A-AS1","false","CDKN2A-AS1"
"10","H3C8","false","H3C8"
"9","MAST4","false","MAST4"
"9","ECT2","false","ECT2"
"10","TPD52","false","TPD52"
"9","SLC7A11","false","SLC7A11"
"15","PIM2","false","PIM2"
"15","MT2A","false","MT2A"
"9","PFKFB4","false","PFKFB4"
"9","ATP2B4","false","ATP2B4"
"5","MKRN3","false","MKRN3"
"15","REV3L","false","REV3L"
"9","THRIL","false","THRIL"
"9","RELT","false","RELT"
"2","LEFTY2","false","LEFTY2"
"9","SKAP2","false","SKAP2"
"9","MGC12916","false","MGC12916"
"9","HMGB3","false","HMGB3"
"9","HK2","false","HK2"
"43","PKIB","false","PKIB"
"9","EIF4EBP1","false","EIF4EBP1"
"9","IGF2BP3","false","IGF2BP3"
"5","PPIF","false","PPIF"
"5","LINC01426","false","LINC01426"
"5","LOC107987042","false","LOC107987042"
"9","LINC00595","false","LINC00595"
"5","STK17B","false","STK17B"
"15","FOXL1","false","FOXL1"
"15","LOC105378305","false","LOC105378305"
"9","SLURP2","false","SLURP2"
"15","ZFHX4","false","ZFHX4"
"9","MIR3658","false","MIR3658"
"9","MIR675","false","MIR675"
"9","WSCD2","false","WSCD2"
"9","SVIP","false","SVIP"
"5","ITGA9","false","ITGA9"
"9","ISL2","false","ISL2"
"9","MEIS1-AS2","false","MEIS1-AS2"
"9","RPA3","false","RPA3"
"9","STEAP1B","false","STEAP1B"
"5","UBE2QL1","false","UBE2QL1"
"9","KCNMA1","false","KCNMA1"
"9","H2AC16","false","H2AC16"
"2","MREG","false","MREG"
"9","NXT2","false","NXT2"
"9","LCTL","false","LCTL"
"9","ZNF695","false","ZNF695"
"15","SYTL3","false","SYTL3"
"9","H19","false","H19"
"5","IRAK1","false","IRAK1"
"9","CIAO2A","false","CIAO2A"
"5","C1GALT1","false","C1GALT1"
"9","TIPIN","false","TIPIN"
"9","STC2","false","STC2"
"9","TACR2","false","TACR2"
"9","IL33","false","IL33"
"9","ULBP2","false","ULBP2"
"10","EZR","false","EZR"
"9","ULBP1","false","ULBP1"
"2","EPM2A","false","EPM2A"
"5","WFS1","false","WFS1"
"5","PHF24","false","PHF24"
"15","TREM1","false","TREM1"
"2","TRAF3IP2-AS1","false","TRAF3IP2-AS1"
"2","RUNX2","false","RUNX2"
"5","RYR3","false","RYR3"
"9","HOXA11","false","HOXA11"
"9","XKR5","false","XKR5"
"9","KY","false","KY"
"9","FANCE","false","FANCE"
"9","RASSF2","false","RASSF2"
"9","PIMREG","false","PIMREG"
"9","LINC02754","false","LINC02754"
"9","CDT1","false","CDT1"
"9","RNASEH2A","false","RNASEH2A"
"9","LOC105371050","false","LOC105371050"
"9","GPC3","false","GPC3"
"30","TYMSOS","false","TYMSOS"
"9","HAUS8","false","HAUS8"
"9","TEDC2","false","TEDC2"
"9","TACC3","false","TACC3"
"9","H2AX","false","H2AX"
"9","TMEM132E","false","TMEM132E"
"38","IL37","false","IL37"
"9","LOC112268460","false","LOC112268460"
"9","MGME1","false","MGME1"
"9","CBX5","false","CBX5"
"9","CDHR2","false","CDHR2"
"9","RDM1","false","RDM1"
"9","CCNF","false","CCNF"
"9","CNIH2","false","CNIH2"
"27","CYP26B1","false","CYP26B1"
"9","PTTG1","false","PTTG1"
"2","ADAMTSL5","false","ADAMTSL5"
"4","MTNR1B","false","MTNR1B"
"4","SSC4D","false","SSC4D"
"4","RFLNB","false","RFLNB"
"4","CHRNA7","false","CHRNA7"
"10","DTNB","false","DTNB"
"10","CYP2J2","false","CYP2J2"
"10","MYH15","false","MYH15"
"10","HOOK1","false","HOOK1"
"10","LOC107985513","false","LOC107985513"
"9","DDX11-AS1","false","DDX11-AS1"
"9","CAMK2N2","false","CAMK2N2"
"9","TCF7","false","TCF7"
"9","SRGAP2D","false","SRGAP2D"
"9","TIFA","false","TIFA"
"9","CCNO","false","CCNO"
"9","HAS2-AS1","false","HAS2-AS1"
"25","MCIDAS","false","MCIDAS"
"2","DRAXIN","false","DRAXIN"
"9","NCAPD2","false","NCAPD2"
"9","RUSC1","false","RUSC1"
"9","LOC100506253","false","LOC100506253"
"36","H2AC11","false","H2AC11"
"9","PKMYT1","false","PKMYT1"
"9","DPH3P1","false","DPH3P1"
"17","DCST2","false","DCST2"
"9","RHBDL3","false","RHBDL3"
"9","DCST1-AS1","false","DCST1-AS1"
"2","ANKEF1","false","ANKEF1"
"2","DCST1","false","DCST1"
"2","SACS-AS1","false","SACS-AS1"
"2","XYLB","false","XYLB"
"33","LRRC70","false","LRRC70"
"9","LOC105370047","false","LOC105370047"
"9","FOXE3","false","FOXE3"
"9","CDCA3","false","CDCA3"
"15","OTOA","false","OTOA"
"15","PI15","false","PI15"
"7","RASGEF1B","false","RASGEF1B"
"15","UCP2","false","UCP2"
"15","IGFLR1","false","IGFLR1"
"15","RGS16","false","RGS16"
"15","ZSCAN31","false","ZSCAN31"
"15","LOC101928842","false","LOC101928842"
"15","LINC00944","false","LINC00944"
"15","FGF5","false","FGF5"
"15","SLC11A1","false","SLC11A1"
"15","CXCL16","false","CXCL16"
"56","MEI1","false","MEI1"
"15","LOC105373581","false","LOC105373581"
"15","GIPR","false","GIPR"
"15","IL1RN","false","IL1RN"
"15","NFKBIE","false","NFKBIE"
"15","PCOLCE","false","PCOLCE"
"15","FUT7","false","FUT7"
"15","CHRDL1","false","CHRDL1"
"15","MMP1","false","MMP1"
"15","ST14","false","ST14"
"15","ASB5","false","ASB5"
"19","NLRP2","false","NLRP2"
"15","CARD17P","false","CARD17P"
"2","ADAMTS9-AS1","false","ADAMTS9-AS1"
"5","CASZ1","false","CASZ1"
"15","MX2","false","MX2"
"15","LOC101927344","false","LOC101927344"
"15","PKD2L1","false","PKD2L1"
"15","SLC9A7","false","SLC9A7"
"15","JAK3","false","JAK3"
"15","TNFSF9","false","TNFSF9"
"5","CTHRC1","false","CTHRC1"
"5","LOC102723724","false","LOC102723724"
"5","HRC","false","HRC"
"5","SMCO2","false","SMCO2"
"5","ITPK1","false","ITPK1"
"5","BTBD16","false","BTBD16"
"2","MMP9","false","MMP9"
"5","IRS4","false","IRS4"
"5","BMAL2-AS1","false","BMAL2-AS1"
"2","TNXA","false","TNXA"
"2","SLC12A5-AS1","false","SLC12A5-AS1"
"5","LINC00601","false","LINC00601"
"9","SALL4","false","SALL4"
"5","CEMIP2","false","CEMIP2"
"5","COLGALT1","false","COLGALT1"
"5","NOSTRIN","false","NOSTRIN"
"5","LOC102723834","false","LOC102723834"
"34","MDH1B","false","MDH1B"
"9","CCSAP","false","CCSAP"
"65","MKX","false","MKX"
"65","ANOS1","false","ANOS1"
"65","LINC02724","false","LINC02724"
"65","PAX9","false","PAX9"
"64","OSBPL1A","false","OSBPL1A"
"15","CACNA2D4","false","CACNA2D4"
"15","ADAM8","false","ADAM8"
"15","NAV1","false","NAV1"
"15","LOC105379362","false","LOC105379362"
"64","ITGA10","false","ITGA10"
"9","PEG3","false","PEG3"
"9","FLNB-AS1","false","FLNB-AS1"
"5","SUV39H1","false","SUV39H1"
"9","SLC25A10","false","SLC25A10"
"44","FANCG","false","FANCG"
"9","APOBEC3B-AS1","false","APOBEC3B-AS1"
"32","DDX11","false","DDX11"
"5","ST8SIA6","false","ST8SIA6"
"9","KIF22","false","KIF22"
"9","TK1","false","TK1"
"5","TUBA1C","false","TUBA1C"
"9","RAB11FIP2","false","RAB11FIP2"
"9","KIF4B","false","KIF4B"
"9","UCK2","false","UCK2"
"10","PARPBP","false","PARPBP"
"9","LOC105371793","false","LOC105371793"
"9","TEDC1","false","TEDC1"
"9","CIMIP2A","false","CIMIP2A"
"9","POC1A","false","POC1A"
"2","DDX12P","false","DDX12P"
"5","CENPN-AS1","false","CENPN-AS1"
"9","TEAD4","false","TEAD4"
"2","APOBEC3B","false","APOBEC3B"
"9","HASPIN","false","HASPIN"
"6","UAP1L1","false","UAP1L1"
"6","AARD","false","AARD"
"31","FAM247A","false","FAM247A"
"11","NEURL3","false","NEURL3"
"5","PRIM1","false","PRIM1"
"5","CEP126","false","CEP126"
"15","LINC02328","false","LINC02328"
"15","TSHR","false","TSHR"
"5","COL11A2","false","COL11A2"
"5","OSBPL3","false","OSBPL3"
"5","SLC20A1","false","SLC20A1"
"5","LOC105376369","false","LOC105376369"
"15","UTS2","false","UTS2"
"15","LINC02968","false","LINC02968"
"47","CBLN4","false","CBLN4"
"15","C4orf19","false","C4orf19"
"15","SUGCT","false","SUGCT"
"5","ATP10A","false","ATP10A"
"15","EPHB1","false","EPHB1"
"5","C5orf46","false","C5orf46"
"5","RUNX3","false","RUNX3"
"15","CCDC171","false","CCDC171"
"58","LMOD3","false","LMOD3"
"5","LAMB3","false","LAMB3"
"5","ISM2","false","ISM2"
"5","YBX2","false","YBX2"
"5","ACAN","false","ACAN"
"2","CSAG1","false","CSAG1"
"2","CSAG2","false","CSAG2"
"2","LINC01914","false","LINC01914"
"2","LOC105375521","false","LOC105375521"
"2","OAS3","false","OAS3"
"15","PCK2","false","PCK2"
"15","GBP1P1","false","GBP1P1"
"15","DAPP1","false","DAPP1"
"15","HELZ2","false","HELZ2"
"15","CD38","false","CD38"
"28","IL4I1","false","IL4I1"
"15","THEMIS","false","THEMIS"
"15","NYAP2","false","NYAP2"
"2","PTPRB","false","PTPRB"
"2","GNB1-DT","false","GNB1-DT"
"2","TAF7L","false","TAF7L"
"2","HAPLN3","false","HAPLN3"
"2","CYYR1","false","CYYR1"
"2","SH3BGRL3","false","SH3BGRL3"
"15","EOMES","false","EOMES"
"15","TNIP3","false","TNIP3"
"9","GRM2","false","GRM2"
"15","ANO9","false","ANO9"
"15","TMEM176A","false","TMEM176A"
"15","TMEM176B","false","TMEM176B"
"15","IGHM","false","IGHM"
"15","IGLV3-1","false","IGLV3-1"
"15","CD3E","false","CD3E"
"15","JCHAIN","false","JCHAIN"
"15","IGHG3","false","IGHG3"
"15","TUBE1","false","TUBE1"
"15","SPINT1","false","SPINT1"
"15","ZDHHC12","false","ZDHHC12"
"15","LOC100240735","false","LOC100240735"
"15","RIMBP3C","false","RIMBP3C"
"15","HOXB7","false","HOXB7"
"15","VEGFD","false","VEGFD"
"15","SMC1B","false","SMC1B"
"15","TFAP2A","false","TFAP2A"
"2","SPAG4","false","SPAG4"
"15","RIMBP3","false","RIMBP3"
"2","LOC105374947","false","LOC105374947"
"15","RIMBP3B","false","RIMBP3B"
"40","SEMA4D","false","SEMA4D"
"15","PTPRN","false","PTPRN"
"15","TFAP2A-AS1","false","TFAP2A-AS1"
"15","LINC03016","false","LINC03016"
"15","SLC16A3","false","SLC16A3"
"10","MTTP","false","MTTP"
"9","DHRS12","false","DHRS12"
"2","FANCD2OS","false","FANCD2OS"
"2","HIGD1B","false","HIGD1B"
"9","SBK1","false","SBK1"
"2","MIR100HG","false","MIR100HG"
"9","ENHO","false","ENHO"
"9","ZMAT3","false","ZMAT3"
"15","SUCNR1","false","SUCNR1"
"15","TFCP2L1","false","TFCP2L1"
"2","DRD2","false","DRD2"
"5","COL4A5","false","COL4A5"
"15","LRRC15","false","LRRC15"
"15","SLC6A7","false","SLC6A7"
"8","ELAVL3","false","ELAVL3"
"15","LINC01583","false","LINC01583"
"15","LOC105370924","false","LOC105370924"
"15","LINC02785","false","LINC02785"
"9","LOC101927272","false","LOC101927272"
"10","CTLA4","false","CTLA4"
"9","CXCR4","false","CXCR4"
"5","JAKMIP3","false","JAKMIP3"
"9","CBR4","false","CBR4"
"9","ZNF560","false","ZNF560"
"9","LOC105372793","false","LOC105372793"
"9","PARVA","false","PARVA"
"8","RAB7B","false","RAB7B"
"9","PPM1E","false","PPM1E"
"48","DPF1","false","DPF1"
"9","CHRFAM7A","false","CHRFAM7A"
"14","CHST6","false","CHST6"
"8","SYT4","false","SYT4"
"5","LGI3","false","LGI3"
"2","EMCN","false","EMCN"
"9","JPT1","false","JPT1"
"9","LINC02475","false","LINC02475"
"63","ACBD7","false","ACBD7"
"63","LOC100506071","false","LOC100506071"
"63","COCH","false","COCH"
"63","CA12","false","CA12"
"9","EPDR1","false","EPDR1"
"9","PFKFB1","false","PFKFB1"
"9","PAFAH1B3","false","PAFAH1B3"
"9","TRIM7-AS1","false","TRIM7-AS1"
"18","GDPD2","false","GDPD2"
"9","RAET1K","false","RAET1K"
"9","PRR19","false","PRR19"
"9","SYTL4","false","SYTL4"
"46","CXCL12","false","CXCL12"
"9","GRIN2D","false","GRIN2D"
"9","LOC105374898","false","LOC105374898"
"9","CCDC15","false","CCDC15"
"9","ARHGEF3","false","ARHGEF3"
"9","ITPRIPL1","false","ITPRIPL1"
"9","PLPP3","false","PLPP3"
"9","HOXC9","false","HOXC9"
"9","TEX14","false","TEX14"
"9","RMDN2","false","RMDN2"
"9","NRN1","false","NRN1"
"9","NUDT1","false","NUDT1"
"9","LDHA","false","LDHA"
"5","ANXA2R-OT1","false","ANXA2R-OT1"
"9","ATP1A2","false","ATP1A2"
"9","LOC105371275","false","LOC105371275"
"9","GGH","false","GGH"
"9","BRI3BP","false","BRI3BP"
"9","FOXD1","false","FOXD1"
"9","TOP3A","false","TOP3A"
"10","NMU","false","NMU"
"46","JAZF1-AS1","false","JAZF1-AS1"
"9","CPLX3","false","CPLX3"
"13","SH2D4A","false","SH2D4A"
"15","FOXD3-AS1","false","FOXD3-AS1"
"9","PBLD","false","PBLD"
"5","GPR176","false","GPR176"
"9","LOC107985259","false","LOC107985259"
"5","MCTP2","false","MCTP2"
"9","CKS1B","false","CKS1B"
"15","IDO1","false","IDO1"
"15","TRABD2A","false","TRABD2A"
"5","DBI","false","DBI"
"5","GPR183","false","GPR183"
"5","PPP1R13L","false","PPP1R13L"
"5","INS-IGF2","false","INS-IGF2"
"5","ZNF185","false","ZNF185"
"5","GATA5","false","GATA5"
"5","CD58","false","CD58"
"5","KBTBD8","false","KBTBD8"
"5","LINC01122","false","LINC01122"
"5","SALL1","false","SALL1"
"5","GALNT9","false","GALNT9"
"5","HIVEP3","false","HIVEP3"
"5","RDUR","false","RDUR"
"5","FURIN","false","FURIN"
"5","IGF2","false","IGF2"
"5","DACT2","false","DACT2"
"5","ADAMTS4","false","ADAMTS4"
"5","SLC7A1","false","SLC7A1"
"5","SLC2A6","false","SLC2A6"
"15","CFAP45","false","CFAP45"
"1","CD274","false","CD274"
"9","TMEM163","false","TMEM163"
"15","CPM","false","CPM"
"5","OTULINL","false","OTULINL"
"5","LOC105369147","false","LOC105369147"
"42","NIPA1","false","NIPA1"
"9","RIPPLY3","false","RIPPLY3"
"8","RASSF7","false","RASSF7"
"8","GOLGA2P5","false","GOLGA2P5"
"8","ASRGL1","false","ASRGL1"
"8","CDKN2B","false","CDKN2B"
"8","TESMIN","false","TESMIN"
"8","CRYBG2","false","CRYBG2"
"8","LINC01152","false","LINC01152"
"8","PRRG4","false","PRRG4"
"9","DARS2","false","DARS2"
"9","LPIN2","false","LPIN2"
"9","HAS2","false","HAS2"
"2","ITGA6","false","ITGA6"
"2","TBC1D31","false","TBC1D31"
"2","JAM2","false","JAM2"
"2","XKR9","false","XKR9"
"2","TRPA1","false","TRPA1"
"2","SQLE","false","SQLE"
"2","CASP2","false","CASP2"
"2","HMMR-AS1","false","HMMR-AS1"
"2","IGFBP4","false","IGFBP4"
"2","MIMT1","false","MIMT1"
"2","LOC105375894","false","LOC105375894"
"2","HOXD9","false","HOXD9"
"2","MSC-AS1","false","MSC-AS1"
"2","KEL","false","KEL"
"2","WDR88","false","WDR88"
"2","USHBP1","false","USHBP1"
"2","ZNF726","false","ZNF726"
"2","AQP7","false","AQP7"
"15","WNT7B","false","WNT7B"
"15","MIR9898","false","MIR9898"
"5","PLEK2","false","PLEK2"
"2","LOC105374353","false","LOC105374353"
"5","ARSJ","false","ARSJ"
"15","DLEU7","false","DLEU7"
"2","BCAR3","false","BCAR3"
"15","TMEM171","false","TMEM171"
"15","NECTIN4","false","NECTIN4"
"5","HTATIP2","false","HTATIP2"
"5","EPO","false","EPO"
"5","ZIC4","false","ZIC4"
"5","SP140L","false","SP140L"
"5","UBALD2","false","UBALD2"
"5","RUNX3-AS1","false","RUNX3-AS1"
"5","ZIC1","false","ZIC1"
"5","NEURL1","false","NEURL1"
"5","ANXA2R","false","ANXA2R"
"5","EN1","false","EN1"
"5","SFRP1","false","SFRP1"
"5","SCN7A","false","SCN7A"
"5","MYT1","false","MYT1"
"15","MATK","false","MATK"
"15","RTL3","false","RTL3"
"15","GAREM2","false","GAREM2"
"15","ECM1","false","ECM1"
"15","AIG1","false","AIG1"
"15","NRXN1","false","NRXN1"
"5","PRKCD","false","PRKCD"
"2","ARK2C","false","ARK2C"
"55","SDC1","false","SDC1"
"15","PHLDA2","false","PHLDA2"
"15","S100A9","false","S100A9"
"5","EDIL3-DT","false","EDIL3-DT"
"34","TBX15","false","TBX15"
"34","DDN","false","DDN"
"34","FHAD1-AS1","false","FHAD1-AS1"
"34","LOC105369965","false","LOC105369965"
"34","CFAP210","false","CFAP210"
"34","CA3","false","CA3"
"34","ASIC5","false","ASIC5"
"2","FTX","false","FTX"
"2","LOC105374986","false","LOC105374986"
"2","LINC01232","false","LINC01232"
"2","MCM5","false","MCM5"
"2","CACNG5","false","CACNG5"
"2","SOX2","false","SOX2"
"2","GLYATL1","false","GLYATL1"
"2","PITX1","false","PITX1"
"52","LOC105376266","false","LOC105376266"
"9","MTFP1","false","MTFP1"
"49","PDK1","false","PDK1"
"15","MMP12","false","MMP12"
"5","ANO1","false","ANO1"
"39","INHBE","false","INHBE"
"10","PMCH","false","PMCH"
"62","LINC03109","false","LINC03109"
"9","H3C2","false","H3C2"
"5","LOC105369315","false","LOC105369315"
"9","LOC107984763","false","LOC107984763"
"9","NUDT8","false","NUDT8"
"9","H2BC20P","false","H2BC20P"
"60","PLA2G2D","false","PLA2G2D"
"15","IGKJ5","false","IGKJ5"
"34","LOC105372212","false","LOC105372212"
"5","DENND5B","false","DENND5B"
"5","TMEM51","false","TMEM51"
"5","TBX4","false","TBX4"
"5","HOXB6","false","HOXB6"
"5","CLHC1","false","CLHC1"
"5","SLFN11","false","SLFN11"
"9","RGMB","false","RGMB"
"10","PGM5P4-AS1","false","PGM5P4-AS1"
"21","DLX6","false","DLX6"
"9","ATP8B4","false","ATP8B4"
"9","DLX5","false","DLX5"
"15","USP18","false","USP18"
"15","GBP1","false","GBP1"
"5","CASC8","false","CASC8"
"2","SCGB3A1","false","SCGB3A1"
"61","APLP1","false","APLP1"
"8","SLC26A9-AS1","false","SLC26A9-AS1"
"9","REXO5","false","REXO5"
"8","DPYSL5","false","DPYSL5"
"9","TRNV","false","TRNV"
"9","OGFRP1","false","OGFRP1"
"9","TIGD3","false","TIGD3"
"9","LOC107985532","false","LOC107985532"
"51","MAST1","false","MAST1"
"2","LOC102723654","false","LOC102723654"
"2","DUXAP10","false","DUXAP10"
"2","SLITRK2","false","SLITRK2"
"2","MT1G","false","MT1G"
"2","OLFML2B","false","OLFML2B"
"8","SOX9-AS1","false","SOX9-AS1"
"8","MESP1","false","MESP1"
"8","TONSL","false","TONSL"
"8","LRRC3B","false","LRRC3B"
"8","FAM27E3","false","FAM27E3"
"8","HOXC13","false","HOXC13"
"8","SOX9","false","SOX9"
"2","TRNR","false","TRNR"
"2","DUSP5P1","false","DUSP5P1"
"2","DIRAS3","false","DIRAS3"
"2","GLIS3","false","GLIS3"
"2","LINC02608","false","LINC02608"
"15","CD82","false","CD82"
"15","PDE6G","false","PDE6G"
"5","SAXO4","false","SAXO4"
"5","LOC112268423","false","LOC112268423"
"5","LOC101927069","false","LOC101927069"
"5","TENT5C","false","TENT5C"
"2","STARD13","false","STARD13"
"2","RFPL1","false","RFPL1"
"2","GLB1L3","false","GLB1L3"
"2","LOC102723305","false","LOC102723305"
"2","H2BC9","false","H2BC9"
"2","CRYL1","false","CRYL1"
"10","ZNF850","false","ZNF850"
"10","MIR3917","false","MIR3917"
"10","PTCHD4","false","PTCHD4"
"5","PTX3","false","PTX3"
"5","FST","false","FST"
"5","LOC105375690","false","LOC105375690"
"5","SCN8A","false","SCN8A"
"5","ZNF281","false","ZNF281"
"8","PLSCR2","false","PLSCR2"
"5","MIR155HG","false","MIR155HG"
"5","HSD11B2","false","HSD11B2"
"5","RXFP1","false","RXFP1"
"5","TFR2","false","TFR2"
"5","OBP2A","false","OBP2A"
"5","LINC00942","false","LINC00942"
"32","DGAT2","false","DGAT2"
"32","PBX4","false","PBX4"
"32","FNDC11","false","FNDC11"
"32","SMIM45","false","SMIM45"
"32","PRKCG","false","PRKCG"
"32","MYB","false","MYB"
"5","LRRC55","false","LRRC55"
"38","NECTIN3","false","NECTIN3"
"38","ZC3H12A","false","ZC3H12A"
"38","FOXD2-AS1","false","FOXD2-AS1"
"18","TEDC2-AS1","false","TEDC2-AS1"
"18","OPRL1","false","OPRL1"
"18","HOXC11","false","HOXC11"
"2","LOC107984886","false","LOC107984886"
"15","USP41P","false","USP41P"
"5","TTYH1","false","TTYH1"
"5","TMEM107","false","TMEM107"
"5","LOC105370569","false","LOC105370569"
"5","PLP1","false","PLP1"
"10","PRKX","false","PRKX"
"15","SYNGR3","false","SYNGR3"
"15","HOXB9","false","HOXB9"
"10","RAB11FIP4","false","RAB11FIP4"
"15","FAM110A","false","FAM110A"
"26","WWC1","false","WWC1"
"15","KRT18","false","KRT18"
"2","MARCO","false","MARCO"
"15","LIMD2","false","LIMD2"
"15","GATA3","false","GATA3"
"2","TEKT2","false","TEKT2"
"5","LOC105372613","false","LOC105372613"
"5","BCAN-AS1","false","BCAN-AS1"
"5","LOC107984475","false","LOC107984475"
"5","ITIH5","false","ITIH5"
"5","SNED1","false","SNED1"
"5","COX10-DT","false","COX10-DT"
"9","ICMT-DT","false","ICMT-DT"
"10","MIOX","false","MIOX"
"60","WNT2B","false","WNT2B"
"9","PKN3","false","PKN3"
"15","MOCOS","false","MOCOS"
"15","KRT8","false","KRT8"
"9","ARHGAP10","false","ARHGAP10"
"27","TMUB1","false","TMUB1"
"27","TMEM169","false","TMEM169"
"27","ZNF208","false","ZNF208"
"5","LOC105377043","false","LOC105377043"
"9","LOC105373150","false","LOC105373150"
"9","RAD54B","false","RAD54B"
"9","TENM2","false","TENM2"
"9","C10orf88B","false","C10orf88B"
"37","HTR1D","false","HTR1D"
"32","LGR5","false","LGR5"
"9","LOC105375027","false","LOC105375027"
"2","LOC107984301","false","LOC107984301"
"2","PMFBP1","false","PMFBP1"
"2","ISOC1","false","ISOC1"
"2","ADAMTS19","false","ADAMTS19"
"2","IGF2BP1","false","IGF2BP1"
"2","PLXNA1","false","PLXNA1"
"2","HSPA6","false","HSPA6"
"2","PDE8B","false","PDE8B"
"2","LOC107985034","false","LOC107985034"
"15","CNIH3-AS1","false","CNIH3-AS1"
"15","RSAD2","false","RSAD2"
"5","B3GALT9","false","B3GALT9"
"5","LINC00472","false","LINC00472"
"8","SPDYE2B","false","SPDYE2B"
"5","CCDC194","false","CCDC194"
"5","RNF157","false","RNF157"
"9","LMF1-AS1","false","LMF1-AS1"
"2","FRMPD4","false","FRMPD4"
"2","ETV4","false","ETV4"
"59","HOXB4","false","HOXB4"
"59","LOC105369551","false","LOC105369551"
"15","CSAG3","false","CSAG3"
"10","WWC3","false","WWC3"
"10","EDA2R","false","EDA2R"
"10","AKR1C2","false","AKR1C2"
"10","SLC2A1-DT","false","SLC2A1-DT"
"10","SESN1","false","SESN1"
"10","LOC101928007","false","LOC101928007"
"10","ADM2","false","ADM2"
"15","LOC105379504","false","LOC105379504"
"5","CRISP2","false","CRISP2"
"8","FAM30C","false","FAM30C"
"8","FAM201A","false","FAM201A"
"8","LOC105376042","false","LOC105376042"
"8","LOC107986606","false","LOC107986606"
"9","FRGCA","false","FRGCA"
"2","WNT10B","false","WNT10B"
"2","MSC","false","MSC"
"2","PTPRJ","false","PTPRJ"
"2","ABCA7","false","ABCA7"
"2","DQX1","false","DQX1"
"58","FATE1","false","FATE1"
"8","ANKRD18A","false","ANKRD18A"
"8","COL27A1","false","COL27A1"
"8","IRF6","false","IRF6"
"8","FAM95C","false","FAM95C"
"8","INAVA","false","INAVA"
"9","TAL1","false","TAL1"
"9","FAAP24","false","FAAP24"
"15","LINC01605","false","LINC01605"
"8","FOXH1","false","FOXH1"
"8","KIFC2","false","KIFC2"
"8","DHDH","false","DHDH"
"8","TMCC2","false","TMCC2"
"8","ABCD2","false","ABCD2"
"8","LOC105369685","false","LOC105369685"
"8","LOC101927687","false","LOC101927687"
"57","PRAME","false","PRAME"
"57","LNCOC1","false","LNCOC1"
"57","SEMA3G","false","SEMA3G"
"57","LAMC2","false","LAMC2"
"57","LOC107985681","false","LOC107985681"
"9","BDNF","false","BDNF"
"15","BFSP2","false","BFSP2"
"15","APOA1","false","APOA1"
"15","NKX6-1","false","NKX6-1"
"15","MICB-DT","false","MICB-DT"
"5","GLRA4","false","GLRA4"
"41","ITGA6-AS1","false","ITGA6-AS1"
"15","HOXC8","false","HOXC8"
"15","IGFBP5","false","IGFBP5"
"15","ERN2","false","ERN2"
"15","MIR210HG","false","MIR210HG"
"56","TMEM179","false","TMEM179"
"10","KNTC1","false","KNTC1"
"10","BBOX1-AS1","false","BBOX1-AS1"
"10","STON1","false","STON1"
"7","LOC107985847","false","LOC107985847"
"7","HS3ST2","false","HS3ST2"
"7","TMEM30B","false","TMEM30B"
"7","SLC2A12","false","SLC2A12"
"55","SOWAHB","false","SOWAHB"
"55","FAM167A","false","FAM167A"
"53","LOC105376041","false","LOC105376041"
"53","LRRC14B","false","LRRC14B"
"53","MIR503HG","false","MIR503HG"
"5","LOC105376161","false","LOC105376161"
"5","GLYATL2","false","GLYATL2"
"5","PRECSIT","false","PRECSIT"
"15","CGN","false","CGN"
"5","ABCG2","false","ABCG2"
"34","THBS4","false","THBS4"
"34","THBS4-AS1","false","THBS4-AS1"
"32","BBOX1","false","BBOX1"
"32","RAC3","false","RAC3"
"32","TRPV2","false","TRPV2"
"32","PRDX6","false","PRDX6"
"32","EYA2-AS1","false","EYA2-AS1"
"29","P3H2-AS1","false","P3H2-AS1"
"9","TUFT1","false","TUFT1"
"8","NUAK2","false","NUAK2"
"8","TMEM238","false","TMEM238"
"8","PGGHG","false","PGGHG"
"8","KCP","false","KCP"
"8","HSD11B1","false","HSD11B1"
"9","HOXC6","false","HOXC6"
"54","LINC03044","false","LINC03044"
"54","LOC105371664","false","LOC105371664"
"15","FMO3","false","FMO3"
"15","LOC105378825","false","LOC105378825"
"2","NHSL3","false","NHSL3"
"2","LUARIS","false","LUARIS"
"2","FMNL1-AS1","false","FMNL1-AS1"
"2","MESP2","false","MESP2"
"9","PPARGC1B","false","PPARGC1B"
"50","ARHGAP28","false","ARHGAP28"
"50","TIGD2","false","TIGD2"
"50","FZD5","false","FZD5"
"50","CHAC1","false","CHAC1"
"15","ZSWIM4","false","ZSWIM4"
"9","LOC107986466","false","LOC107986466"
"9","SMANTIS","false","SMANTIS"
"9","TCF21","false","TCF21"
"9","GCHFR","false","GCHFR"
"53","LYPD6","false","LYPD6"
"5","LRRC63","false","LRRC63"
"15","DCSTAMP","false","DCSTAMP"
"18","RNFT2","false","RNFT2"
"18","HOXB3","false","HOXB3"
"15","S100A2","false","S100A2"
"9","OR2B6","false","OR2B6"
"17","QRICH2","false","QRICH2"
"17","TEX30","false","TEX30"
"15","GPR12","false","GPR12"
"11","LINC01410","false","LINC01410"
"11","HMSD","false","HMSD"
"11","FAM83H","false","FAM83H"
"11","MIR4477B","false","MIR4477B"
"11","SNORA69","false","SNORA69"
"38","PCDHAC2","false","PCDHAC2"
"2","LRRC45","false","LRRC45"
"10","WNT5B","false","WNT5B"
"52","PCDH9","false","PCDH9"
"15","MGST1","false","MGST1"
"15","SIGLEC15","false","SIGLEC15"
"15","TNFAIP2","false","TNFAIP2"
"51","LOC408186","false","LOC408186"
"5","UAP1","false","UAP1"
"15","GTF2A1L","false","GTF2A1L"
"2","CCN6","false","CCN6"
"36","LOC401021","false","LOC401021"
"36","LOC107985436","false","LOC107985436"
"36","TRNM","false","TRNM"
"2","PLEKHG3","false","PLEKHG3"
"2","LOC105372296","false","LOC105372296"
"2","SPTB","false","SPTB"
"2","FHL5","false","FHL5"
"10","DGCR11","false","DGCR11"
"50","ENPP5","false","ENPP5"
"9","LINC02656","false","LINC02656"
"9","DHRS13","false","DHRS13"
"2","LINC02370","false","LINC02370"
"2","LINC02287","false","LINC02287"
"10","MAP3K9-DT","false","MAP3K9-DT"
"10","DTNB-AS1","false","DTNB-AS1"
"10","SLC27A2","false","SLC27A2"
"10","NUP210","false","NUP210"
"49","HAPLN1","false","HAPLN1"
"15","NBPF6","false","NBPF6"
"26","HOXB13","false","HOXB13"
"26","BMP3","false","BMP3"
"26","LTK","false","LTK"
"26","PRAC2","false","PRAC2"
"26","PTGS2","false","PTGS2"
"5","STON1-GTF2A1L","false","STON1-GTF2A1L"
"5","INHBA-AS1","false","INHBA-AS1"
"2","ITGB4","false","ITGB4"
"2","TBX6","false","TBX6"
"5","ADAD2","false","ADAD2"
"48","C1QL4","false","C1QL4"
"15","FHAD1","false","FHAD1"
"9","TRAF4","false","TRAF4"
"22","LOC105369850","false","LOC105369850"
"22","DOC2GP","false","DOC2GP"
"22","KBTBD12","false","KBTBD12"
"22","HGF","false","HGF"
"15","SYTL1","false","SYTL1"
"15","DCC","false","DCC"
"13","SPINK1","false","SPINK1"
"5","LINC01106","false","LINC01106"
"9","KCNE5","false","KCNE5"
"27","LOC101929657","false","LOC101929657"
"5","C1orf74","false","C1orf74"
"47","C6","false","C6"
"46","LYVE1","false","LYVE1"
"2","SRD5A2","false","SRD5A2"
"32","GPR87","false","GPR87"
"9","ALYREF","false","ALYREF"
"40","ECEL1","false","ECEL1"
"40","INSRR","false","INSRR"
"5","CBR3-AS1","false","CBR3-AS1"
"5","CBR3","false","CBR3"
"5","MCUB","false","MCUB"
"45","ILDR1","false","ILDR1"
"44","SERPIND1","false","SERPIND1"
"5","ULBP3","false","ULBP3"
"5","LOC102724497","false","LOC102724497"
"43","NDST3","false","NDST3"
"9","LOC284240","false","LOC284240"
"42","LINC01551","false","LINC01551"
"42","FOXG1","false","FOXG1"
"27","LOC100129455","false","LOC100129455"
"27","HOXD4","false","HOXD4"
"27","HOXD3","false","HOXD3"
"41","ISL1","false","ISL1"
"5","RAB3B","false","RAB3B"
"2","LOC105378523","false","LOC105378523"
"2","AUTS2","false","AUTS2"
"40","BARX2","false","BARX2"
"40","SPOCD1","false","SPOCD1"
"39","HS3ST3A1","false","HS3ST3A1"
"39","GXYLT2","false","GXYLT2"
"5","LINC01614","false","LINC01614"
"5","AK5","false","AK5"
"2","FOLR1","false","FOLR1"
"2","LPAR3","false","LPAR3"
"9","SCARNA21","false","SCARNA21"
"38","ASIC2","false","ASIC2"
"8","TMEM108","false","TMEM108"
"5","GALNT9-AS1","false","GALNT9-AS1"
"5","GPR22","false","GPR22"
"15","HCAR3","false","HCAR3"
"15","EBF3","false","EBF3"
"5","LOC102723714","false","LOC102723714"
"15","CHI3L2","false","CHI3L2"
"9","PAX6","false","PAX6"
"37","ELOVL3","false","ELOVL3"
"8","KCNS1","false","KCNS1"
"10","SYCP2","false","SYCP2"
"10","DLX4","false","DLX4"
"10","AFAP1L2","false","AFAP1L2"
"10","LINC02680","false","LINC02680"
"15","KCNB2","false","KCNB2"
"5","GLDN","false","GLDN"
"5","MYL4","false","MYL4"
"2","SLAMF9","false","SLAMF9"
"9","ST6GALNAC5","false","ST6GALNAC5"
"36","PXDNL","false","PXDNL"
"36","LINC02340","false","LINC02340"
"5","ZNF687-AS1","false","ZNF687-AS1"
"24","SIX1","false","SIX1"
"2","LINC02154","false","LINC02154"
"2","LOC102724682","false","LOC102724682"
"2","WDR49","false","WDR49"
"2","LINC00626","false","LINC00626"
"5","HS3ST3B1","false","HS3ST3B1"
"5","AQP9","false","AQP9"
"5","MINAR1","false","MINAR1"
"5","IFNE","false","IFNE"
"5","KLC3","false","KLC3"
"2","FTCDNL1","false","FTCDNL1"
"9","NKAPL","false","NKAPL"
"35","LINC00862","false","LINC00862"
"34","FIRRE","false","FIRRE"
"33","FLT4","false","FLT4"
"33","ANKRD1","false","ANKRD1"
"32","BEGAIN","false","BEGAIN"
"9","ZYG11A","false","ZYG11A"
"31","FAM247D","false","FAM247D"
"30","GRIA4","false","GRIA4"
"30","UBE2L5","false","UBE2L5"
"30","RNF157-AS1","false","RNF157-AS1"
"9","ARHGEF16","false","ARHGEF16"
"29","P3H2","false","P3H2"
"29","STARD13-AS","false","STARD13-AS"
"28","SEL1L3","false","SEL1L3"
"28","CTSB","false","CTSB"
"5","LIX1L-AS1","false","LIX1L-AS1"
"26","MUC15","false","MUC15"
"26","LOC729683","false","LOC729683"
"15","PLCH2","false","PLCH2"
"26","MIR3185","false","MIR3185"
"2","GPR19","false","GPR19"
"9","KCNK6","false","KCNK6"
"8","PDE4B","false","PDE4B"
"27","RAB42","false","RAB42"
"15","RASGEF1A","false","RASGEF1A"
"26","SERINC2","false","SERINC2"
"26","TACC1","false","TACC1"
"25","SOWAHA","false","SOWAHA"
"2","SMKR1","false","SMKR1"
"2","PSCA","false","PSCA"
"7","GIPC3","false","GIPC3"
"9","C6orf141","false","C6orf141"
"2","C7","false","C7"
"8","LOC102724943","false","LOC102724943"
"8","MARVELD3","false","MARVELD3"
"24","CDC20B","false","CDC20B"
"7","LOC107984851","false","LOC107984851"
"7","ALX4","false","ALX4"
"15","FOXCUT","false","FOXCUT"
"23","PCLO","false","PCLO"
"15","LINC02998","false","LINC02998"
"22","TRAF1","false","TRAF1"
"2","GUCY1A2","false","GUCY1A2"
"19","PRSS21","false","PRSS21"
"19","TMPRSS3","false","TMPRSS3"
"21","DLX6-AS1","false","DLX6-AS1"
"21","LUCAT1","false","LUCAT1"
"5","LINC01123","false","LINC01123"
"20","LMO1","false","LMO1"
"20","RASEF","false","RASEF"
"19","LPAR2","false","LPAR2"
"19","BANK1","false","BANK1"
"9","RHOJ","false","RHOJ"
"2","RASD2","false","RASD2"
"2","LOC107986432","false","LOC107986432"
"2","PLXNA4","false","PLXNA4"
"2","MSRB3-AS1","false","MSRB3-AS1"
"2","LINC00671","false","LINC00671"
"2","GPR61","false","GPR61"
"18","HOXB5","false","HOXB5"
"2","EDNRA","false","EDNRA"
"2","H2BC18","false","H2BC18"
"9","NRIP2","false","NRIP2"
"9","RXFP2","false","RXFP2"
"11","MIR4477A","false","MIR4477A"
"11","ZNF114","false","ZNF114"
"11","SAMD5","false","SAMD5"
"17","TLCD3B","false","TLCD3B"
"16","LOC105369458","false","LOC105369458"
"15","RIPOR3","false","RIPOR3"
"14","CKM","false","CKM"
"14","SLC29A2","false","SLC29A2"
"5","FOXP4-AS1","false","FOXP4-AS1"
"13","KCNJ15","false","KCNJ15"
"5","KLK5","false","KLK5"
"12","ARMC9","false","ARMC9"
"8","NOS2P3","false","NOS2P3"
"8","GS1-24F4.2","false","GS1-24F4.2"
"11","VSIG10L2","false","VSIG10L2"
"10","NLRP9","false","NLRP9"
"2","IL22RA1","false","IL22RA1"
"2","LINC00537","false","LINC00537"
"9","TUBA4A","false","TUBA4A"
"8","AFAP1-AS1","false","AFAP1-AS1"
"5","KLK6","false","KLK6"
"7","G0S2","false","G0S2"
"6","LOC105375715","false","LOC105375715"
"5","LOC105372326","false","LOC105372326"
"5","KLK7","false","KLK7"
"5","CMTM5","false","CMTM5"
"4","PACERR","false","PACERR"
"4","ZFAND3-DT","false","ZFAND3-DT"
"3","PLEKHO1","false","PLEKHO1"
"3","ISG20","false","ISG20"
"2","SPIB","false","SPIB"
"1","CDHR4","false","CDHR4"
