Bicluster,Genes,Condiciones,NumGenes,NumCondiciones
1,DDX11L17;PLEKHN1;GNB1-DT;KCNAB2;TMEM201;CASZ1;MAD2L2;TMEM51;FHAD1;C1QC;HTR1D;E2F2;IL22RA1;MIR3917;CEP85;RPS6KA1;LAPTM5;SERINC2;SPOCD1;CLSPN;CDCA8;CDC20;KIF2C;SNORD160;RAD54L;STIL;FOXD2-AS1;DHCR24;FOXD3-AS1;PDE4B;DEPDC1;DEPDC1-AS1;LRRIQ3;AK5;IFI44L;IFI44;ADGRL2;LOC105378825;CDC7;GFI1;BCAR3;COL11A1;PSRC1;GPR61;ADORA3;DCLRE1B;TBX15;FAM72B;FAM72C;FAM72D;ITGA10;LINC01731;H2BC18;H3C14;H2BC20P;ANP32E;ECM1;CGN;105371441;DCST2;DCST1;BCAN-AS1;HDGF;LOC101928202;NECTIN4;HSPA6;FCGR3B;NUF2;UCK2;MIR3658;FMO3;CENPL;DARS2;NPL;RGS1;ASPM;KIF14;NAV1;UBE2T;ATP2B4;NUAK2;FAM72A;MIR4260;G0S2;NEK2;DTL;LINC02608;CENPF;LINC02257;LOC102723834;LEFTY2;DUSP5P1;CCSAP;EXO1;ZNF695;SOX11;RRM2;GEN1;DTNB;CENPA;DPYSL5;RMDN2;STON1;LINC01122;PLEK;SMANTIS;ATP6V1B1-AS1;CYP26B1;DQX1;LOC102724497;LINC01943;NCAPH;BUB1;BCL2L11;SOCAR;SLC20A1;CKAP2L;IL1B;IL37;IL36G;IL1RN;EN1;MARCO;LOC105373581;DBI;TFCP2L1;112268426;CXCR4;SCN7A;SPC25;PDK1;HOXD9;LOC100129455;LOC401021;HOXD3;105747689;LOC101927687;SGO2;MDH1B;LINC01614;MREG;TMEM169;TUBA4A;DOCK10;NYAP2;ARMC9;SCARNA5;ARL4C;SNED1;PASK;LINC01238;RAD18;FANCD2;FANCD2OS;SGO1;SGO1-AS1;LINC02084;ITGA9;XYLB;LOC105377043;KIF15;PFKFB4;CDHR4;TRAIP;POC1A;NT5DC2;PRKCD;ARHGEF3;FLNB-AS1;ADAMTS9-AS1;KBTBD8;LOC151760;CD80;POLQ;ADCY5;SLC12A8;PLXNA1;LOC107986126;EFCC1;105374129;GPR87;SUCNR1;VEPH1;SMC4;TRIM59;ZMAT3;SOX2;CAMK2N2;P3H2;P3H2-AS1;TACC3;NSD2;LOC105374353;107986257;AFAP1-AS1;NCAPG;LCORL;PI4K2B;PGCKA1;LINC02475;NMU;HOPX;SOWAHB;ANTXR2;FGF5;NKX6-1;TIGD2;EMCN;CENPE;MCUB;ZGRF1;MAD2L1;TNIP3;LOC105377402;CCNA2;PLK4;SLC7A11;EDNRA;ARHGAP10;MND1;LOC100419170;ASIC5;LOC105377508;LOC101928007;RXFP1;SAP30;ASB5;NEIL3;CEP72;TRIP13;OTULINL;SLC1A3;C7;C6;NIM1K;C5orf34;FST;CDC20B;MCIDAS;CCNO;DEPDC1B;CENPK;CCNB1;CENPH;TMEM171;FOXD1;F2RL2;PDE8B;THBS4;THBS4-AS1;DHFR;HAPLN1;SLF1;LMNB1;LOC102723654;TCF7;PITX1;KIF20A;CDC25C;C5orf46;SLC6A7;KIF4B;HAVCR2;ADAM19;LOC107986466;IL12B;PTTG1;HMMR;HMMR-AS1;STC2;CDHR2;GPRIN1;SCGB3A1;FLT4;TRIM7-AS1;FOXCUT;LOC105374947;E2F3;H3C2;H3C3;LOC105374986;H3C8;H2AC11;H2AC13;H2AC16;OR2B6;ZKSCAN8P1;TCF19;MICB;LOC100294145;KIFC1;GRM4;FANCE;TREML1;TREM2;TREM1;ENPP5;LINC00472;TTK;FHL5;CRYBG1;REV3L;TRAF3IP2-AS1;CCN6;TUBE1;LINC02541;COL10A1;ULBP1;ZDHHC14;105378077;SYTL3;DACT2;SMOC2;LINC03016;DNAH11;CDCA7L;STEAP1B;IGF2BP3;OSBPL3;NFE2L3;HOXA10;ANLN;SUGCT;INHBA-AS1;LUARIS;SAMD9;SPDYE2B;GPR22;SLC26A4-AS1;TFEC;102724660;SMKR1;AKR1B10;LOC105375521;CLEC5A;KEL;CASP2;EZH2;ATP6V0E2;XRCC2;NCAPG2;XKR5;GS1-24F4.2;MSR1;ADAMDEC1;CDCA2;ESCO2;PBK;LOC105379362;EIF4EBP1;GINS4;MCM4;PXDNL;MYBL1;LOC105375894;MSC;MSC-AS1;TRPA1;ZFHX4-AS1;TPD52;CA2;LINC02849;ATP6V0D2;RAD54B;FBXO43;LOC105369147;LOC105375690;AARD;MTBP;TBC1D31;ATAD2;SQLE;CASC8;PSCA;SLURP2;TONSL;RECQL4;LOC107987042;LOC107986990;MIR31HG;IFNE;CA9;MELK;IGFBPL1;LOC105376042;LINC01410;LINC00537;LOC101927069;PSAT1;CKS2;FBP1;ZNF367;GALNT12;PTPN3;C9orf43;TRAF1;LHX2;GARNL3;112268056;ZDHHC12;FAM78A;OBP2A;FUT7;SAPCD2;AKR1C2;ITIH5;MCM10;LOC105378305;ZWINT;CDK1;RTKN2;PBLD;DNA2;KCNMA1;PTEN;LIPM;KIF20B;KIF11;CEP55;FFAR4;HELLS;ENTPD1;CC2D2B;C10orf88B;LINC00601;MKI67;ADAM8;IRF7;LOC107984301;ADM;LDHA;105376579;E2F8;SVIP;MUC15;BBOX1-AS1;CCDC34;BDNF;KIF18A;PAX6;PRRG4;PRR5L;CD82;PTPRJ;GLYATL2;GLYATL1;FAM111B;FEN1;INCENP;CDCA5;TIGD3;CNIH2;LOC112268076;FOLR1;P2RY2;RELT;DDIAS;PGR;LOC105369458;MMP12;GUCY1A2;APOA1;H2AX;CCDC15;CHEK1;LOC105369551;VSIG10L2;BARX2;GLB1L3;LINC00942;LOC107984131;NRIP2;FOXM1;RAD51AP1;GAPDH-DT;CDCA3;107987172;DDX12P;OLR1;TMEM52B;GPR19;107984129;MGST1;LOC105369685;LOC107984475;BMAL2;BMAL2-AS1;DENND5B;TMEM106C;DDN;TROAP;RACGAP1;KRT71;KRT8;MIR9898;ESPL1;HOXC13;HOXC11;LOC100240735;CBX5;SCAT2;CDK2;TIMELESS;PRIM1;STAC3;LGR5;E2F7;CRADD-AS1;TMPO-AS1;PARPBP;WSCD2;LOC105369965;OAS3;OAS2;RNFT2;CIT;KNTC1;BRI3BP;THRIL;LINC02370;GALNT9;GALNT9-AS1;SKA3;SLC7A1;UBE2L5;BRCA2;LOC107984551;LINC01050;107984567;DHRS12;LOC101929657;CKAP2;PCDH8;GPR183;LINC01232;TRAC;PCK2;COCH;PAX9;CDKN3;DLGAP5;SIX1;RHOJ;PLEK2;MAP3K9-DT;ACYP1;FLRT2-AS1;LINC02316;KCNK13;LINC02287;IFI27;SERPINA1;FAM30C;NIPA1;MKRN3;ATP10A;LOC100288637;ARHGAP11A;RYR3;BUB1B;KNL1;CHAC1;OIP5;NUSAP1;WDR76;C15orf48;MIR147B;CEP152;SLC27A2;PCLAF;PIF1;ZWILCH;LCTL;KIF23;CPLX3;ISL2;MINAR1;LINC01583;LOC105370924;LOC105370953;LOC105370960;FANCI;TICRR;MESP1;MESP2;ANPEP;BLM;FURIN;PRC1;PRC1-AS1;SNORA10;SYNGR3;CCNF;TEDC2;PRSS21;PAQR4;PKMYT1;SRL;RMI2;ARL6IP1;REXO5;ZP2;OTOA;OTOAP1;PLK1;ERN2;LINC02195;IL21R;SBK1;KIF22;107984837;TBX6;ZNF267;SHCBP1;ORC6;NKD1;LOC101927272;SALL1;LOC107984886;IRX3;LOC105371275;CRNDE;IRX5;MT1G;CMTM1;GINS2;SLC7A5;CDT1;RFLNB;HASPIN;LOC107985017;PIMREG;SCARNA21;TMEM107;AURKB;MGC12916;ADORA2B;SHMT1;SPAG5;ATAD5;RHBDL3;ASIC2;LOC147004;LRRC37A8P;RDM1;TOP2A;IGFBP4;KRT31;BRCA1;HROB;KIF18B;FMNL1-AS1;HOXB7;HOXB9;PRAC2;MIR3185;DLX4;SKA2;PRR11;TBX4;BRIP1;LOC729683;LINC01152;SOX9-AS1;SOX9;LINC00673;CD300A;CD300LF;ITGB4;RNF157;TK1;107985050;BIRC5;LINC01971;LRRC45;RAC3;NDC80;ARHGAP28;OSBPL1A;MOCOS;MIR924HG;LIPG;SKA1;LOC105372115;HMSD;ABCA7;LMNB2;GIPC3;CHAF1A;107985297;UHRF1;ZNF560;DNMT1;ICAM1;SPC24;RNASEH2A;ZSWIM4;BRME1;ASF1B;LOC105372296;IFI30;PBX4;LPAR2;ZNF726;CCNE1;FAM187B;IGFLR1;WDR62;CYP2S1;PLAUR;KCNN4;APOC1;APOC4-APOC2;APOC2;CKM;KLC3;PPP1R13L;EML2-AS1;LIG1;107984140;GRIN2D;FAM83E;HRC;KLK5;KLK7;SIGLEC9;SIGLEC7;LOC101928517;LILRA6;TTYH1;NLRP2;MIMT1;SIRPG;MCM8;ANKEF1;MGME1;GINS1;TPX2;DNMT3B;E2F1;FAM83D;LOC105372613;PABPC1L;UBE2C;MMP9;SLC12A5-AS1;EYA2-AS1;CBLN4;AURKA;GATA5;MYT1;LOC102723996;107987294;MIR155HG;JAM2;LOC105372793;CBR3-AS1;CBR3;DOP1B;CHAF1B;LOC107985492;KCNJ15;LOC107985513;RIPK4;PDE9A-AS1;FRGCA;LINC02575;C21orf58;RIMBP3;DGCR11;CDC45;SERPIND1;AIFM3;RIMBP3B;LOC107985532;OSM;MCM5;RASD2;APOBEC3B;RANGAP1;CENPM;SMIM45;OGFRP1;PNPLA3;SMC1B;RIBC2;WNT7B;GTSE1;ADM2;107985627;FRMPD4;TLR8-AS1;LINC02154;FANCB;POLA1;LOC105373150;GK;DIPK2B;PFKFB1;ERCC6L;FTX;CENPI;TAF7L;GLRA4;IRS4;KCNE5;AGTR2;SNORA69;GPC3;MIR503HG;CSAG2;CSAG1;CSAG3;IRAK1;MT-TV;MT-TR,Tumor6;Tumor13;Tumor15;Tumor18,816,4
2,PLEKHN1;PLCH2;KCNAB2;TNFRSF9;CASZ1;PLA2G2D;RUNX3;RUNX3-AS1;SH3BGRL3;CRYBG2;ZNF683;RPS6KA1;SYTL1;ZC3H12A;HIVEP3;SNORD160;RAD54L;ZYG11A;DHCR24;PLPP3;HOOK1;USP1;LOC105378825;GBP1;GBP5;BCAR3;PTPN22;DCLRE1B;CD58;TENT5C;FAM72B;ECM1;105371441;AIM2;CFAP45;SLAMF9;NUF2;FMO3;CENPL;RGS16;NPL;RGS1;ASPM;KIF14;INAVA;TMCC2;FAM72A;MIR4260;HSD11B1;TRAF3IP3;C1orf74;LINC02257;LOC102723834;CCSAP;EXO1;LOC107985847;RRM2;SIX2;LINC01943;IGKJ5;RFX8;BUB1;BCL2L11;MIR4435-2HG;SLC20A1;CKAP2L;IL1RN;PSD4;MARCO;STEAP3;LOC105373581;CXCR4;LY75;LOC100129455;HOXD3;105747689;CCDC150;FTCDNL1;SGO2;LINC01857;IGFBP5;TUBA4A;DOCK10;SP140L;ARMC9;ARL4C;LINC02084;CCR1;CDC25A;CDHR4;POC1A;LOC105377123;ADAMTS9-AS1;LINC00960;TRAT1;CD96;ZBED2;CD80;POLQ;ILDR1;CD86;ADCY5;HEG1;SLC12A8;BFSP2;EPHB1;KY;PLSCR2;ZIC4;GPR171;SUCNR1;WDR49;CAMK2N2;LOC105374353;CD38;NCAPG;PI4K2B;SEL1L3;TMEM156;JCHAIN;CXCL9;MCUB;ZGRF1;CCNA2;LOC100419170;LOC105377508;C4orf46;NEIL3;CEP72;IL7R;SLC1A3;CD180;TMEM171;TCF7;PCDHAC1;PCDHAC2;HAVCR2;ITK;HMMR-AS1;HK3;FOXCUT;ADTRP;GMNN;LOC102724765;H3C8;H2AC13;UBD;MICB;TAP1;HMGA1;TREML1;TREM2;PLA2G7;REV3L;TRAF3IP2-AS1;LINC02541;112267972;MYB;AIG1;SAMD5;RAET1K;EZR;LOC105375172;IGF2BP3;NFE2L3;HOXA11;INMT-MINDY4;MINDY4;ANLN;SUGCT;INHBA-AS1;AUTS2;SLC25A40;DBF4;PCOLCE-AS1;EPO;TFEC;PLXNA4;AKR1B10;CLEC5A;CTSB;MSR1;ADAMDEC1;CDCA2;PBK;DNAJC5B;MYBL1;STMN2;RIPK2;FBXO43;MTBP;LNCOC1;SLURP2;LOC105375798;TONSL;RECQL4;CCDC171;MIR31HG;IFNE;CDKN2B;AQP7;LINC00537;C9orf40;CKS2;SMC2;SLC31A2;TRAF1;FAM78A;LOC105376369;AKR1C2;APBB1IP;CEP55;CC2D2B;PKD2L1;NEURL1;AFAP1L2;C10orf143;ANO9;CTSD;103344718;H19;MIR675;ADM;LYVE1;PARVA;PRRG4;INCENP;BATF2;SLC29A2;P2RY2;UCP2;DGAT2;DDIAS;BIRC3;CASP1;CARD17P;H2AX;MIR100HG;SLC37A2;112267876;102724852;TEAD4;RAD51AP1;GAPDH-DT;107984489;OLR1;TMEM52B;107984129;LOC107984475;SMCO2;DENND5B;ABCD2;WNT10B;TUBA1C;C1QL4;MIR9898;LOC100240735;MIR3198-2;GPR84;CDK2;STAC3;CPM;LOC105369850;E2F7;TMPO-AS1;GAS2L3;PMCH;USP30-AS1;OAS3;SDS;RNFT2;KNTC1;HCAR3;BRI3BP;LINC00944;LINC00539;SLC7A1;STARD13;LOC107984551;RFC3;LOC101929657;DIAPH3;TFDP1;DUXAP10;TRAC;SLC7A7;LOC105370705;LRR1;CDKN3;SPTB;PLEK2;LOC105370569;BATF;TSHR;FLRT2-AS1;KCNK13;LGMN;ITPK1;SERPINA1;BDKRB1;BCL11B;LOC102724682;ANKRD9;EXOC3L4;TNFAIP2;TMEM179;ATP10A;ARHGAP11A;GPR176;BUB1B;CHAC1;PATL2;C15orf48;MIR147B;CCNB2;PIF1;LCTL;KIF23;BCL2A1;FANCI;MESP2;ANPEP;SNORA10;CCNF;TEDC2;SRL;ARL6IP1;IGSF6;HS3ST2;LINC02195;IL21R;IL21R-AS1;SPN;KIF22;ITGAX;ZNF267;SHCBP1;NKD1;CRNDE;MT1G;ATP6V0D1;YBX2;COX10-DT;NOS2P3;SPAG5;TMEM132E;CDC6;TOP2A;IGFBP4;HROB;HIGD1B;LOC105371793;FMNL1-DT;FMNL1;FMNL1-AS1;HOXB6;SKA2;LOC729683;LINC01152;SPHK1;TK1;BIRC5;DCXR;LPIN2;MOCOS;DCC;ALPK2;LOC284240;107985297;TNFSF14;STXBP2;ELAVL3;MAST1;ZSWIM4;LOC105372296;IFI30;PBX4;FAAP24;IGFLR1;MAP4K1;KCNN4;APOC4-APOC2;APOC2;EML2-AS1;GIPR;ZNF114;DHDH;HRC;C19orf81;SIGLEC9;SIGLEC10;SIGLEC12;OSCAR;LILRA6;LILRB4;NLRP2;TMEM238;FAM110A;SIRPG;MCM8;MGME1;GINS1;FAM83D;LOC105372613;MYBL2;CD40;LOC102723996;LOC105379504;LOC105372793;DOP1B;RIMBP3B;OSM;HMOX1;MCM5;APOL1;IL2RB;APOBEC3B;APOBEC3G;RANGAP1;MEI1;WNT7B;KLHDC7B-DT;LINC02968;107985627;PIM2;FTX;CENPI;SNORA69;MT-TM,Tumor7;Tumor8;Tumor12;Tumor13;Tumor14,429,5
3,DDX11L17;PLEKHN1;PLCH2;ARHGEF16;TMEM51;EPHB2;HTR1D;FAM110D;RAB42;SERINC2;CLSPN;ZC3H12A;MYCL;SLC2A1-DT;CDC20;KIF2C;TAL1;ORC1;HOOK1;DIRAS3;DEPDC1;AK5;COL11A1;ADORA3;DCLRE1B;H3-7;FAM72D;H2BC18;PLEKHO1;ANP32E;ZNF687-AS1;TUFT1;DCST1-AS1;TAGLN2;CD84;HSPA6;NUF2;UCK2;CENPL;ASPM;KIF14;NAV1;UBE2T;SLC26A9;HSD11B1;LOC107985259;NEK2;CENPF;107985272;CNIH3-AS1;DUSP5P1;ACTA1;EXO1;RRM2;HPCAL1;GEN1;CENPA;LINC01914;STON1;LINC01122;MEIS1-AS2;DQX1;LOC102724497;TRABD2A;NCAPH;RFX8;BUB1;NT5DC4;CKAP2L;IL36G;LOC105373581;TMEM163;KYNU;NOSTRIN;SPC25;CFAP210;DLX1;ITGA6;HECW2-AS1;SGO2;BARD1;MREG;SLC11A1;SCARNA5;ARL4C;SGO1;LOC105377043;TRAIP;NT5DC2;FLNB-AS1;LOC105377123;KBTBD8;CIP2A;ILDR1;ADCY5;HEG1;EFCC1;KY;VEPH1;SMC4;ECT2;DGKG;TACC3;LOC105374353;NCAPG;LCORL;ANTXR2;BMP3;TIGD2;UNC5C;EMCN;BANK1;ARSJ;PLK4;CLGN;MND1;ASIC5;ASB5;LOC102724943;C5orf34;LINC02998;MCIDAS;CENPH;DHFR;HAPLN1;EDIL3-DT;LOC107986432;SLF1;EFNA5;LMNB1;SOWAHA;PPARGC1B;LOC107986466;IL12B;PTTG1;HMMR;WWC1;SPDL1;F12;FLT4;LOC105374947;E2F3;H3C2;H2AC11;H2AC16;LOC100294145;KIFC1;TREM1;RUNX2-AS1;ENPP5;PLA2G7;LINC00472;FHL5;SESN1;SLC2A12;ULBP2;ULBP1;ULBP3;LOC101929756;C1GALT1;LOC105375172;STEAP1B;SKAP2;INHBA-AS1;AUTS2;SLC25A40;DLX6;DLX5;102724660;CLEC5A;CASP2;EZH2;105375560;XRCC2;NCAPG2;CDCA2;ESCO2;PBK;EIF4EBP1;PXDNL;MYBL1;LOC105375894;KCNB2;LOC105369147;HAS2-AS1;SQLE;LOC105375798;KIFC2;RECQL4;LOC107987042;IL33;MIR31HG;IFNE;CDKN2A;CDKN2B-AS1;CDKN2B;FANCG;CA9;MELK;GCNT1;112268037;RMI1;FBP1;C9orf43;OBP2A;FUT7;SAPCD2;TUBB4B;MCM10;LOC105378305;KIF20B;FFAR4;RAB11FIP2;LOC105378523;BTBD16;LINC00601;MKI67;C10orf143;ADAM8;ANO9;MIR210HG;LSP1;MIR675;105376579;E2F8;HTATIP2;MUC15;BBOX1-AS1;KIF18A;PAX6;PRRG4;FAM111B;SAXO4;CDC42EP2;RIN1;SLC29A2;RELT;LOC105369458;MMP1;SLC37A2;CHEK1;ST14;CACNA2D4;TEAD4;NCAPD2;GAPDH-DT;CDCA3;107987172;DDX12P;LOC408186;BMAL2;SMCO2;ABCD2;TUBA1B;C1QL4;RACGAP1;KRT8;MIR9898;HOXC11;CDK2;MSRB3-AS1;SOCS2;PARPBP;WSCD2;LOC105370047;SKA3;LINC00539;SLC7A1;BRCA2;LRRC63;DHRS12;SLC7A7;PCK2;ADCY4;FOXG1;LOC100506071;CDKN3;DLGAP5;DAAM1;RHOJ;SPTB;PLEK2;LINC02316;ARHGAP11A;RYR3;LTK;AQP9;CCNB2;MINAR1;TICRR;PRSS21;RMI2;TLCD3B;SHCBP1;GINS3;FOXL1;HASPIN;LOC107985017;SCARNA21;TMEM107;ASIC2;TOP2A;BRCA1;HROB;HIGD1B;MYL4;HOXB7;101060400;PRAC2;HOXB13;IGF2BP1;DLX4;PRR11;LIMD2;LOC107985034;JPT1;ITGB4;107985050;BIRC5;TYMS;OSBPL1A;MOCOS;LIPG;ABCA7;CHAF1A;UHRF1;RNASEH2A;BRME1;USHBP1;LPAR2;LOC105372326;ZNF850;MAP4K1;PLAUR;APOC4-APOC2;APOC2;GIPR;107984140;SIGLEC7;TTYH1;PEG3;PEG3-AS1;MCM8;TPX2;SPAG4;DSN1;KCNS1;UBE2C;PELATON;AURKA;SYCP2;DPH3P1;CYYR1;CHAF1B;PDE9A-AS1;DGCR11;CDC45;AIFM3;PRAME;TIMP3;MCM5;RASD2;PNPLA3;RIBC2;GTSE1;ADM2;LINC02968;PRKX;TLR8-AS1;FANCB;LOC105373150;GK;DIPK2B;SLC9A7;KIF4A;ERCC6L;TAF7L;NXT2;FIRRE,Tumor1;Tumor12;Tumor13;Tumor14;Tumor16,379,5
4,ICMT-DT;ENO1;CASZ1;EPHB2;STMN1;SH3BGRL3;LAPTM5;ZC3H12A;SLC2A1-DT;CDC20;KIF2C;SNORD160;RAD54L;CYP2J2;USP1;DEPDC1-AS1;LRRIQ3;IFI44L;IFI44;ADGRL2;GBP1;GBP5;GBP1P1;CCDC18;VCAM1;NBPF6;PSRC1;WNT2B;TBX15;ECM1;CGN;TUFT1;DCST1-AS1;INSRR;ATP1A2;SLAMF7;ARHGAP30;ADAMTS4;NCF2;G0S2;CNIH3-AS1;CENPA;NRXN1;MEIS1-AS2;LINC01943;101928152;ITPRIPL1;DBI;TUBA3E;NOSTRIN;HOXD4;STK17B;ICOS;LINC01614;SLC11A1;HJURP;FANCD2OS;CDC25A;ARHGEF3;KBTBD8;GXYLT2;LINC00960;RDUR;TRAT1;CD80;CD86;HEG1;SLC12A8;PLXNA1;EPHB1;KY;ECT2;KLHL6;GMNC;LRRC15;CD38;PI4K2B;LOC100506253;FGF5;NKX6-1;MTTP;TIFA;TNIP3;CCNA2;LOC105377404;CLGN;LOC100419170;LOC105377508;LOC101928007;UBE2QL1;NIM1K;LINC02998;THBS4-AS1;RGMB;LMNB1;SOWAHA;ADAM19;IL12B;TENM2;DOCK2;HK3;FLT4;NRN1;ADTRP;GMNN;H2BC9;H2AC13;H2AC16;LOC100294145;KIFC1;GRM4;RUNX2;OPN5;LOC101928842;112267972;RAET1K;ZDHHC14;LINC01615;NUDT1;DNAH11;OSBPL3;INMT-MINDY4;AQP1;SLC25A40;PILRA;EPO;DPY19L2P2;TFEC;KEL;EZH2;DOK2;LGI3;CDCA2;PBK;LOC105379362;LINC01605;GINS4;LOC105375894;TRPA1;ZFHX4;CA3;RIPK2;FBXO43;CTHRC1;MTBP;HAS2;RECQL4;PDCD1LG2;IL33;PHF24;CA9;C9orf40;COL27A1;TRAF1;LHX2;SLC2A6;FUT7;LOC105376369;ACBD7;MKX;VSTM4;RTKN2;DNA2;TACR2;PPIF;ENTPD1;C10orf88B;LINC00601;MKI67;ANO9;CTSD;LSP1;103344718;H19;PHLDA2;LDHA;ZDHHC13;ALX4;TIGD3;FOSL1;SLC29A2;P2RY6;DGAT2;DDIAS;LOC105369458;DRD2;LOC105369551;GLB1L3;112267876;102724852;CCND2;SMCO2;C1QL4;HOXC8;LOC100240735;LGR5;IGF1;LOC105369965;USP30-AS1;OAS2;SBNO1-AS1;LOC105370047;LINC02370;LOC107984551;RFC3;DHRS12;DIAPH3;TFDP1;TRAC;ADCY4;LINC01551;COCH;LOC100506071;PAX9;RN7SL2;SPTB;RGS6;LOC105370569;LGMN;ITPK1;TMEM179;MKRN3;ATP8B4;PCLAF;TIPIN;ZWILCH;KIF23;LOC102723714;LINC01583;ISG20;LOC105370960;ACAN;TICRR;RCCD1;PKMYT1;SRL;IL21R;TLCD3B;CORO1A;ZNF267;CMTM1;HSD11B2;PMFBP1;YBX2;SCARNA21;HS3ST3A1;DHRS13;EVI2A;LINC00671;FMNL1-DT;FMNL1-AS1;WNT3;MYL4;PPM1E;LIMD2;LOC729683;LINC00673;BIRC5;LINC01971;DCXR;TYMSOS;OSBPL1A;ARK2C;SKA1;LOC105372115;LOC284240;ADAMTSL5;MATK;TNFSF9;ELAVL3;CCNE1;FAM187B;DPF1;MAP4K1;PAFAH1B3;PRR19;KCNN4;107984140;HRC;SIGLEC9;OSCAR;LILRA6;LILRA5;LAIR2;PEG3;TPX2;LOC105372613;MYBL2;MMP9;SLC12A5-AS1;LOC107985436;RIPOR3;SALL4;GATA5;FNDC11;JAM2;LOC105372793;CLDN14;MX2;TMPRSS3;FAM247D;RFPL1;LOC102723305;MCM5;APOBEC3H;EP300-AS1;PNPLA3;RIBC2;ADM2;MIOX;TYMP;LINC02968;107985627;102724092;EDA2R;GDPD2;GPR174;GLRA4;SASH3;SLITRK2;CSAG2;CSAG3;ZNF185;MT-TM;MT-TR,Tumor3;Tumor4;Tumor10;Tumor11;Tumor18,325,5
5,PLCH2;ICMT-DT;ENO1;MAD2L2;FHAD1;FHAD1-AS1;C1QC;SH3BGRL3;SYTL1;SERINC2;SPOCD1;LCK;TEKT2;CDC20;KIF2C;SNORD160;FOXD2-AS1;CDKN2C;CYP2J2;USP1;DEPDC1;ST6GALNAC5;ADGRL2;LPAR3;LOC105378825;NBPF6;CD58;CD2;FAM72B;FAM72D;LIX1L-AS1;CKS1B;BCAN-AS1;HDGF;ARHGAP30;OLFML2B;UAP1;UCK2;MIR3658;CENPL;NPL;ASPM;KIF14;UBE2T;ATP2B4;SLC26A9-AS1;RAB7B;LAMB3;TRAF3IP3;LOC107985259;NEK2;CENPF;107985272;CNIH3-AS1;ACTA1;EXO1;RRM2;KCNF1;DTNB;CENPA;SRD5A2;CD8B;101928152;NCAPH;RFX8;LINC01106;BUB1;NT5DC4;IL37;MARCO;TMEM163;HNMT;LYPD6;SPC25;PDK1;SNHG31;NUP210;SGO1-AS1;LOC105377043;CDC25A;CDHR4;TRAIP;LOC105377123;LINC00960;MYH15;TRAT1;NECTIN3;SLC12A8;PLXNA1;KY;105374129;ZIC1;GPR171;GPR87;WDR49;ECT2;CAMK2N2;P3H2-AS1;TMED11P;TACC3;LOC112268460;CD38;LCORL;PGCKA1;HOPX;FGF5;BMP3;TIGD2;TIFA;NDST3;LOC105377402;SLC7A11;CLGN;RXFP1;LRRC14B;C6;NIM1K;GZMA;CCNO;CCNB1;THBS4;ISOC1;TCF7;SPINK1;ITK;PTTG1;STC2;SCGB3A1;FOXCUT;TFAP2A;H2AC16;TCF19;MICB-DT;TAP1;PSMB9;LOC100294145;LOC105375027;FANCE;TREML1;FOXP4-AS1;NFKBIE;OPN5;CRISP2;LOC107986606;LINC00472;TTK;CCN6;TUBE1;AIG1;ULBP1;SMOC2;LOC101929756;RPA3;ETV1;JAZF1-AS1;INMT-MINDY4;MINDY4;PCLO;GPR22;SLC26A4-AS1;PLXNA4;KEL;LOC107986750;GS1-24F4.2;FAM167A;C8orf48;SFTPC;CDCA2;PBK;TACC1;SFRP1;LOC107986951;MSC;MSC-AS1;TRPA1;CA3;LINC02849;LINC03044;AARD;HAS2;SLURP2;FAM83H;LOC107987042;GLIS3;CDKN2A-AS1;CDKN2A;FANCG;SIT1;FAM201A;CKS2;SEMA4D;LOC105376266;LHX2;SLC2A6;FUT7;SAPCD2;LOC105376369;LINC02656;ITIH5;ACBD7;APBB1IP;DNA2;105378369;ANKRD1;SEC31B;PRLHR;PGGHG;ANO9;MIR210HG;IRF7;LOC107984301;RRM1;LMO1;DENND2B-AS1;GALNT18;LDHA;105376579;BBOX1;KIF18A;CD82;LRRC55;FAM111B;CD5;BATF2;CDCA5;CTSW;DOC2GP;TESMIN;RELT;MMP12;DRD2;CD3E;CD3D;LOC105369551;VSIG10L2;BARX2;CACNA2D4;FOXM1;LOC408186;WNT10B;DDN;RACGAP1;KRT71;KRT18;MSRB3-AS1;LGR5;SOCS2-AS1;GAS2L3;LOC105369965;OAS3;KNTC1;LOC105370047;THRIL;GALNT9-AS1;SKA3;GPR12;LINC02340;PCDH8;LOC105370337;DUXAP10;CMTM5;LINC01551;COCH;LRR1;CDKN3;DLGAP5;RGS6;LOC105370569;KCNK13;BCL11B;EXOC3L4;LINC00221;FAM30C;ARHGAP11A;RAD51;CHAC1;WDR76;CCNB2;CA12;PCLAF;LOC105370953;ISG20;LOC105370960;FANCI;TICRR;MESP1;112268163;MCTP2;CCNF;LOC105371050;RMI2;ZP2;IGSF6;OTOA;LCMT1-AS2;SPN;ITGAL;CRNDE;IRX5;GINS2;SLC7A5;CDT1;RFLNB;LOC107985017;PIMREG;YBX2;SCARNA21;AURKB;TOP3A;EVI2B;RHBDL3;LOC105371737;CCL5;CCL18;TOP2A;LINC00671;ETV4;FMNL1-AS1;WNT3;MYL4;HOXB3;HOXB9;PRAC2;HOXB13;PRR11;CD300LF;ITGB4;BIRC5;LINC01971;SLC25A10;ALYREF;RAC3;DCXR;ALPK2;LOC105372212;LOC284240;UHRF1;CD70;DNMT1;ZSWIM4;COLGALT1;IL12RB1;GMIP;CCNE1;MAP4K1;CYP2S1;IL4I1;SPIB;SHANK1;KLK3;KLK5;KLK7;SIGLEC10;TTYH1;MIMT1;FAM110A;RASSF2;MCM8;TPX2;E2F1;RBL1;MAFB;MYBL2;PABPC1L;RIPOR3;AURKA;LOC107985492;UBASH3A;LOC101928212;FRGCA;RIMBP3;CDC45;RANBP1;SERPIND1;PRAME;IGLV3-1;MTFP1;MCM5;RASD2;APOL6;APOL1;APOBEC3A;APOBEC3B-AS1;RANGAP1;SMIM45;OGFRP1;RIBC2;GTSE1;107985627;FANCB;PIM2;PFKFB1;GDPD2;TAF7L;KCNE5;LOC107985681;HMGB3,Tumor1;Tumor11;Tumor14;Tumor16,397,4
6,TNFRSF18;GNB1-DT;ENO1;FHAD1-AS1;MIR3917;PTAFR;SPOCD1;NHSL3;KIF2C;TAL1;RAB3B;ORC1;USP1;FOXD3-AS1;IFI44L;CDC7;GFI1;BCAR3;PSRC1;SRGAP2D;SRGAP2B;TUFT1;S100A9;DCST2;BCAN-AS1;HDGF;INSRR;SLAMF8;CD48;SLAMF7;LINC00626;FMO3;LAMC2;INAVA;NUAK2;C1orf74;LINC02257;LOC102723834;HPCAL1;SDC1;CLHC1;TRABD2A;101928152;IL1R2;PSD4;PGM5P4-AS1;LOC112268423;TFCP2L1;TMEM163;112268426;CXCR4;CYTIP;CFAP210;CTLA4;MDH1B;LINC01857;BARD1;CXCR2P1;SCARNA5;BOK;FANCD2OS;NUP210;LINC02084;CCRL2;CELSR3;PRKCD;CEP15;SLC12A8;MCM2;EFCC1;TMEM108;PLSCR2;VEPH1;KCNMB2;KLHL6;DGKG;GMNC;PI4K2B;TMEM156;FGF5;LOC105377404;EDNRA;LOC101928007;RXFP1;SAP30;CEP72;UBE2QL1;IL7R;ANXA2R;ISL1;FST;MCIDAS;CD180;LOC102723654;LOC107986466;HK3;FLT4;ADTRP;LOC105374947;LOC102724765;H3C2;H2AC16;ZSCAN31;HMGA1;ETV7;ZFAND3-DT;TREM2;LOC101928842;FHL5;MMS22L;REV3L;TUBE1;101928096;TMEM244;LOC102723724;EPM2A;SYTL3;EZR;LINC01615;LOC105375172;ABCB5;EPDR1;MYO1G;ADCY1;SAMD9;PILRA;PCOLCE-AS1;SPDYE2B;TFEC;KCP;AKR1B10;MSR1;ADAMDEC1;LINC01605;PXDNL;LOC105375894;MSC;KCNB2;TPD52;LINC03044;MTBP;SQLE;GLIS3;CCDC171;AQP7;LOC101927069;112268037;RMI1;SEMA4D;ZNF367;SLC31A2;PHF19;PTGS1;FUT7;LINC02680;VSTM4;FFAR4;PKD2L1;LOC105378523;LINC00601;CTSD;E2F8;BBOX1;CD82;GLYATL1;LOC105369315;CDC42EP2;SLC29A2;LINC02754;UNC93B1;P2RY2;P2RY6;UCP2;IL18;CRTAM;CCDC15;CHEK1;BMAL2-AS1;HOXC13;HOXC11;HOXC8;LOC100240735;MIR3198-2;GPR84;STAC3;CAPS2;OASL;LINC00944;SACS-AS1;RXFP2;DLEU7;LOC105370337;TRAC;LOC105370705;ADCY4;PAX9;107987206;RN7SL1;LOC105378179;RN7SL2;WDHD1;BATF;KCNK13;SERPINA1;GCHFR;SPINT1;PATL2;SLC27A2;AQP9;PSTPIP1;BCL2A1;LOC105370924;LOC105370953;ACAN;RCCD1;IGSF6;OTOA;OTOAP1;ERN2;CORO1A;MYL11;ZNF267;MT2A;HSD11B2;CENPN-AS1;ADAD2;HASPIN;CXCL16;AURKB;COX10-DT;TRPV2;TRAF4;RAB11FIP4;CCR7;RNU2-1;ETV4;HIGD1B;HOXB5;HOXB9;TBX4;LIMD2;JPT1;ITGB4;RNF157;MOCOS;PMAIP1;ABCA7;TNFSF14;STXBP2;CDKN2D;ZSWIM4;JAK3;FAM187B;IGFLR1;LIG1;HRC;SIGLEC12;PRKCG;OSCAR;LILRA6;LILRA5;LAIR2;NLRP2;TMEM238;NLRP9;SIRPG;MGME1;DNMT3B;SPAG4;MAFB;CD40;PELATON;GATA5;DPH3P1;MYT1;LOC105379504;LOC105372793;CBR3-AS1;CBR3;MX2;ITGB2;RIMBP3;TIMP3;RAC2;MEI1;OGFRP1;NFAM1;KLHDC7B;WWC3;DIPK2B;GLRA4;LOC107985681;SNORA69;SASH3;FATE1;IRAK1,Tumor4;Tumor5;Tumor9;Tumor15;Tumor16,296,5
7,TMEM201;DRAXIN;E2F2;STMN1;CLSPN;CDC20;KIF2C;RAD54L;STIL;DEPDC1;ADGRL2;LOC105378825;CDC7;PSRC1;GPR61;TBX15;FAM72B;H2BC20P;DARS2;PTGS2;KIF14;TMCC2;FAM72A;DTL;CENPF;DUSP5P1;EXO1;SOX11;GEN1;CENPA;CYP26B1;DQX1;NCAPH;BUB1;NT5DC4;CKAP2L;MCM6;SPC25;HOXD13;CCDC150;SGO2;FZD5;HJURP;EMC3-AS1;FANCD2;XYLB;KIF15;CELSR3;TRAIP;POC1A;CFAP20DC;LOC107986126;ZMAT3;TACC3;LOC112268460;NSD2;NCAPG;LCORL;CENPE;ZGRF1;MAD2L1;PLK4;ARHGAP10;MND1;C4orf46;SAP30;CEP72;ANXA2R-OT1;C5orf34;CDC20B;MCIDAS;DEPDC1B;CENPK;CCNB1;CENPH;SLF1;LMNB1;TCF7;KIF20A;CDC25C;PTTG1;GPRIN1;E2F3;H3C2;OR2B6;LOC100294145;KIFC1;LOC107986606;TTK;REV3L;ULBP2;STEAP1B;HGF;TFR2;KEL;EZH2;XRCC2;NCAPG2;CDCA2;GINS4;LOC105375894;ZFHX4-AS1;FBXO43;LOC105369147;AARD;MTBP;TBC1D31;ATAD2;SQLE;MELK;LOC105376041;LOC105376042;ZNF367;SMC2;PTPN3;C9orf43;MCM10;ZWINT;RTKN2;DNA2;KIF20B;KIF11;AFAP1L2;C10orf88B;MKI67;LDHA;E2F8;KIF18A;LRRC55;FAM111B;INCENP;CNIH2;RELT;DDIAS;GRIA4;CCDC15;CHEK1;LOC105369551;FOXM1;RAD51AP1;GAPDH-DT;CDCA3;107987172;TROAP;RACGAP1;CBX5;CDK2;TIMELESS;GAS2L3;PARPBP;IGF1;CIT;CKAP2;PCDH9;SIX1;ACYP1;TEDC1;FAM30C;NIPA1;MKRN3;LOC100288637;RAD51;NUSAP1;WDR76;CEP152;KIF23;TICRR;PRC1;PRC1-AS1;SNORA10;CCNF;PKMYT1;RMI2;SBK1;KIF22;107984837;SHCBP1;ORC6;CRNDE;GINS2;CDT1;LOC107985017;SPAG5;TOP2A;IGFBP4;BRCA1;HROB;KIF18B;PRAC2;HOXB13;SKA2;PRR11;BRIP1;LOC107985034;JPT1;TK1;BIRC5;SLC16A3;TYMS;NDC80;LIPG;SKA1;LMNB2;107985297;RNASEH2A;BRME1;ASF1B;HAUS8;PBX4;ZNF726;KCNK6;LIG1;DHDH;MIMT1;RASSF2;MCM8;ANKEF1;GINS1;DNMT3B;E2F1;RBL1;MYBL2;PABPC1L;UBE2C;OPRL1;107987294;CHAF1B;RIPPLY3;CDC45;SERPIND1;SMC1B;LINC02154;PFKFB1;ERCC6L;CENPI;GPC3,Tumor3;Tumor7;Tumor8;Tumor11;Tumor13;Tumor18,236,6
8,PLCH2;UTS2;FHAD1;ZNF683;RPS6KA1;LAPTM5;NHSL3;FOXD3-AS1;ADGRL2;LPAR3;MCOLN2;GFI1;VCAM1;LINC02785;DENND2D;CHI3L2;ADORA3;FAM72C;CGN;LOC101928202;SLAMF8;ARHGAP30;NECTIN4;NPL;LAMC2;NCF2;TMCC2;NUAK2;G0S2;TRAF3IP3;LOC102723834;CCSAP;LOC107985847;SDC1;STON1;CLHC1;LINC01943;CYTOR;IGKJ5;RFX8;MIR4435-2HG;SOCAR;SLC20A1;TUBA3E;CYTIP;HOXD3;105747689;LOC101927687;MDH1B;MREG;LOC105377043;CXCR6;PFKFB4;LOC105377123;NECTIN3;CD96;CD80;CSTA;PLXNA1;BFSP2;PLSCR2;CLRN1-AS1;LINC03109;VEPH1;CAMK2N2;P3H2;P3H2-AS1;GMNC;LRRC15;LINC02475;NMU;JCHAIN;SOWAHB;RASGEF1B;ABCG2;LOC100419170;ASIC5;LOC102724943;SLC1A3;ANXA2R;ISL1;FST;GZMA;DEPDC1B;CD180;CCNB1;PDE8B;EDIL3-DT;ADAMTS19;TCF7;C5orf46;SLC6A7;HAVCR2;WWC1;DOCK2;GPRIN1;LOC105374898;NRN1;TREML1;TREM2;FOXP4-AS1;ENPP5;PLA2G7;C6orf141;LINC00472;CRYBG1;REV3L;TRAF3IP2-AS1;LINC02541;SLC2A12;SAMD5;ZDHHC14;SYTL3;NFE2L3;JAZF1-AS1;AUTS2;PILRA;SLC26A4-AS1;TFEC;102724660;KEL;CASP2;TMUB1;LOC107986750;C8orf48;MSR1;SFTPC;LOC105379362;LINC01605;MSC;ZFHX4;ATP6V0D2;HAS2-AS1;TBC1D31;PSCA;CCDC171;CDKN2B;FAM95C;ANKRD18A;CEMIP2;LOC105376161;GALNT12;SLC31A2;PHF19;PKN3;CIMIP2A;GATA3;ZWINT;KCNMA1;105378369;LINC00595;LIPM;ANKRD22;SEC31B;LHPP;ANO9;RASSF7;SVIP;MUC15;BDNF;CTSW;RIN1;FOLR1;IL18;CCDC15;SLC37A2;CHEK1;LOC105369551;LINC00942;GAPDH-DT;CD4;107987172;SMCO2;TMEM106C;HOXC9;HOXC8;HOXC6;LOC100240735;CBX5;GPR84;STAC3;CIT;SACS-AS1;RXFP2;STARD13;DLEU7;PCDH9;LOC105378179;CDKN3;PLEK2;ISM2;LINC02316;KCNK13;SERPINA1;EXOC3L4;TMEM179;GPR176;BUB1B;OIP5;NUSAP1;MIR147B;LIPC;CPLX3;ISL2;MINAR1;BCL2A1;MESP1;ANPEP;PRSS21;REXO5;IGSF6;OTOAP1;IL21R;IL21R-AS1;ITGAX;NKD1;MT2A;ATP6V0D1;ADAD2;YBX2;NOS2P3;RAB11FIP4;KRT31;LINC00671;RNU2-1;LOC105371793;FMNL1;PRAC2;LINC00673;CD300LF;QRICH2;DCXR;ARHGAP28;OSBPL1A;ARK2C;LIPG;ABCA7;MATK;TNFSF14;RNASEH2A;COLGALT1;IFI30;IGFLR1;MAP4K1;PLAUR;KCNN4;APOC1;APOC4-APOC2;APOC2;PPP1R13L;EML2-AS1;GRIN2D;SIGLEC9;FPR3;PRKCG;TTYH1;MGME1;MMP9;EYA2-AS1;CBLN4;ZBP1;CTSZ;GATA5;DPH3P1;SAMSN1;MIR155HG;LINC01426;LINC02575;ITGB2;AIFM3;RIMBP3C;LOC107985532;MTFP1;APOBEC3G;SMC1B;KLHDC7B;LINC02968;POLA1;IL2RG;CXCR3;SASH3;CSAG3,Tumor9;Tumor11;Tumor15;Tumor16;Tumor18,282,5
9,PLCH2;FHAD1;STMN1;CEP85;CD52;CRYBG2;SYTL1;NHSL3;TEKT2;PLPP3;CYP2J2;DEPDC1-AS1;VCAM1;DENND2D;ADORA3;PTPN22;CTSS;CKS1B;SLAMF8;SLAMF9;CD84;CD48;SLAMF7;ARHGAP30;CENPL;LAMC2;ASPM;PTPRC;KIF14;TNNI1;NAV1;SLC26A9-AS1;RAB7B;TRAF3IP3;RSAD2;DPYSL5;LOC102724497;IGKJ5;112268426;CYTIP;LY75;SPC25;PDK1;HECW2-AS1;LOC101927687;LINC01857;IGFBP5;PTPRN;ARMC9;LINC01238;CCR5;GRM2;KBTBD8;MYH15;POLQ;SPSB4;PTX3;GMNC;TACC3;NCAPG;TMEM156;JCHAIN;SOWAHB;CLGN;LOC100419170;ASB5;ANXA2R;LINC02998;MCIDAS;CD180;TMEM171;TCF7;TENM2;DOCK2;HK3;LOC105374898;ZSCAN31;MICB-DT;HMGCLL1;MYB;FBXO5;EZR;NUDT1;RPA3;DNAH11;JAZF1-AS1;ANLN;MYO1G;SPDYE2B;PLXNA4;GS1-24F4.2;LOC107986951;MSC;CA3;SLA;ENHO;IGFBPL1;LOC105376041;LOC105376042;CEMIP2;RASEF;112268037;CKS2;ZNF367;PTPN3;LHX2;SLC2A6;ACBD7;LINC02680;CXCL12;ZNF503;LIPM;ANKRD1;SEC31B;JAKMIP3;ADAM8;MIR210HG;LSP1;LMO1;LDHA;SVIP;CCDC34;CD82;LRRC55;CD6;BATF2;TIGD3;CTSW;TBC1D10C;UNC93B1;P2RY6;MMP12;CASP1;CD3D;CRTAM;SLC37A2;BARX2;ST14;TMEM106C;DDN;HOXC13;LYZ;SOCS2-AS1;TMPO-AS1;PMCH;OAS2;SKA3;DHRS12;LOC105370337;TEX30;LOC105370705;LINC01551;PAX9;LRR1;POLE2;FLRT2-AS1;LINC02316;SERPINA1;ANKRD9;TNFAIP2;LOC107984763;C15orf48;LOC102723714;PSTPIP1;BCL2A1;LOC105370960;ACAN;MESP1;RCCD1;PRC1;SYNGR3;CCNF;LOC105371050;TEDC2;TEDC2-AS1;PAQR4;ZP2;OTOA;ITGAL;IRX3;MT2A;GINS3;ATP6V0D1;CHST6;RFLNB;CD68;NOS2P3;EVI2B;EVI2A;RHBDL3;CCL5;TOP2A;IGF2BP1;SKA2;BRIP1;LIMD2;LOC729683;LINC01152;SOX9-AS1;SOX9;LOC107985034;JPT1;LINC01971;PDE6G;DCXR;OSBPL1A;SYT4;ARK2C;ZNF560;SPC24;MAST1;BRME1;BST2;JAK3;IFI30;GMIP;CCNE1;FAAP24;APLP1;DPF1;APOC1;EML2-AS1;ZNF114;IL4I1;SIGLEC10;SIGLEC8;FPR3;LILRB4;RASSF2;E2F1;MMP9;SLC12A5-AS1;SAMSN1;LOC107985492;RIPPLY3;LOC107985513;UBASH3A;FRGCA;FAM247D;RIMBP3C;LOC107985532;HMOX1;APOBEC3G;LOC101927344;WNT7B;MIOX;PFKFB1;GDPD2;IL2RG;GPR174,Tumor6;Tumor9;Tumor11;Tumor13;Tumor16,250,5
10,PLCH2;CASZ1;PLA2G2D;C1QB;RUNX3;SYTL1;LCK;NHSL3;FOXE3;RAB3B;FOXD3-AS1;DEPDC1-AS1;MCOLN2;GBP1;DENND2D;CD2;H3C14;CTSS;PYHIN1;SLAMF8;CD48;SLAMF7;ARHGAP30;HSPA6;RGS16;PTPRC;LINC01871;SDC1;GTF2A1L;SMANTIS;CD8B;IGKJ5;SOCAR;IL1B;IL1RN;PSD4;EN1;MARCO;DBI;HNMT;KYNU;CYTIP;ITGA6;STAT1;CTLA4;ICOS;LINC01857;PDCD1;LINC02084;EOMES;CCR5;CDHR4;CFAP20DC;TRAT1;CSTA;KBTBD12;BFSP2;GPR171;CD38;TMEM156;JCHAIN;DAPP1;TNIP3;LOC100419170;IL7R;GZMA;CD180;IRF1;SPINK1;ITK;DOCK2;UBD;PSMB9;ETV7;FHL5;CRYBG1;PKIB;TCF21;MYO1G;SSC4D;HGF;PILRA;TFR2;TMEM176B;TMEM176A;SH2D4A;DOK2;LOC105379362;CTHRC1;SLA;KIFC2;PDCD1LG2;ENHO;SIT1;FBP1;APBB1IP;VSTM4;PBLD;ANKRD22;PKD2L1;SEC31B;AFAP1L2;PGGHG;ANO9;LSP1;PTPRJ;CD6;CD5;CTSW;TBC1D10C;ACY3;UNC93B1;P2RY2;P2RY6;UCP2;LOC105369458;MMP1;CARD17P;IL18;CD3E;CD3D;CRTAM;GLB1L3;CCND2;CD4;LOC100240735;STAC3;IGF1;USP30-AS1;OASL;BRI3BP;LRRC63;107984567;TRAC;SLC7A7;BATF;LINC02316;IGHG3;102724055;CHRFAM7A;LOC100288637;CHRNA7;LOC102723714;PSTPIP1;BCL2A1;SNORA10;SYNGR3;APOBR;TBX6;CORO1A;ITGAL;IRX3;CD68;TRPV2;EVI2B;CCL5;CCL18;HOXB4;CD300LF;UBALD2;ABCA7;CD70;TNFSF14;ICAM1;JAK3;IL12RB1;GMIP;MAP4K1;CYP2S1;APOC1;PPP1R13L;ODAD1;HRC;IL4I1;SIGLEC8;SIGLEC12;LILRA6;LILRA5;TMEM238;MIMT1;FAM110A;PELATON;ZBP1;DPH3P1;OPRL1;LOC102723996;SAMSN1;KCNJ15;TMPRSS3;UBASH3A;ITGB2;FAM247A;IGLV3-1;APOBEC3G;APOBEC3H;NFAM1;TYMP;IL2RG;CXCR3;GPR174;SH2D1A;SASH3,Tumor1;Tumor5;Tumor7;Tumor11;Tumor12;Tumor14,202,6
11,DDX11L17;GNB1-DT;DRAXIN;C1QB;RUNX3-AS1;CRYBG2;SLC2A1-DT;CDC20;KIF2C;STIL;FOXE3;CCDC18;PSRC1;DCLRE1B;105371441;S100A3;RUSC1;CFAP45;SLAMF9;ATP1A2;OLFML2B;NUF2;RGS16;INAVA;TMCC2;HSD11B1;CENPA;LOC102724497;BCL2L11;PSD4;LOC112268423;EN1;MARCO;SCN7A;NOSTRIN;PTPRN;EMC3-AS1;SGO1;XYLB;POC1A;CIP2A;EPHB1;DGKG;CLDN1;GMNC;LCORL;PI4K2B;ANTXR2;NKX6-1;UNC5C;LOC105377402;LOC105377404;SLC7A11;LOC105377508;SAP30;LINC02998;CCNO;DEPDC1B;CCNB1;THBS4;THBS4-AS1;LUCAT1;LMNB1;KIF20A;PCDHAC1;PCDHAC2;KIF4B;WWC1;TFAP2A-AS1;E2F3;GMNN;ZKSCAN8P1;TCF19;KIFC1;GRM4;TBX18;TCF21;FBXO5;LINC03016;CDCA7L;AQP1;DBF4;TFR2;GPR22;102724660;EZH2;NCAPG2;FAM167A;CDCA2;ATP6V0D2;CDKN2A-AS1;CA9;IGFBPL1;LINC00537;LOC101927069;C9orf40;ZNF367;ZDHHC12;UAP1L1;LINC02680;ZWINT;KCNMA1;PPIF;PTEN;CEP55;PKD2L1;MKI67;EBF3;JAKMIP3;RASSF7;103344718;LMO1;MUC15;CCDC34;PAX6;LRRC55;GLYATL1;LINC02724;TBC1D10C;TESMIN;ANO1;107984387;BARX2;GLB1L3;112267876;CCND2;NCAPD2;DDX12P;107984129;MGST1;DDX11;TUBA1C;RACGAP1;HOXC6;CDK2;PRIM1;STAC3;TMPO-AS1;PMCH;WSCD2;BRI3BP;GALNT9;CRYL1;DIAPH3;LINC01232;ZIC2;CDKN3;WDHD1;ACYP1;BEGAIN;ANKRD9;CDCA4;ARHGAP11B;LOC100288637;ARHGAP11A;BUB1B;BUB1B-PAK6;SPINT1;OIP5;WDR76;ATP8B4;KIF23;TICRR;LMF1-AS1;PRSS21;PAQR4;OTOA;ERN2;KIF22;MYL11;SHCBP1;SALL1;MT1G;MARVELD3;HASPIN;MGC12916;RAB11FIP4;CDC6;KIF18B;101060400;PRAC2;MIR3185;TBX4;LINC00673;MIR924HG;LIPG;SKA1;LOC105372115;PMAIP1;LOC284240;ADAMTSL5;COLGALT1;JAK3;WDR88;WDR62;HRC;SIGLEC8;PEG3;ANKEF1;TPX2;SPAG4;DSN1;RBL1;MYBL2;LOC102723996;107987293;107987294;LOC105372793;CHAF1B;TMPRSS3;RIMBP3;USP41P;RIMBP3B;LOC102723305;MCM5;MEI1;CENPM;GTSE1;TYMP;107985627;VEGFD;KIF4A;COL4A5;SNORA69;SLITRK2;CSAG2,Tumor1;Tumor3;Tumor8;Tumor9;Tumor16,226,5
12,TNFRSF18;KCNAB2;TNFRSF9;C1QC;C1QB;ZNF683;LAPTM5;KIF2C;HOOK1;GBP5;BCAR3;ARHGAP30;FCGR3B;RGS16;RGS1;ZNF281;ZNF695;GTF2A1L;HK2;CD8A;CD8B;LINC01943;SOCAR;SLC20A1;IL36G;IL1RN;EN1;DBI;112268426;KYNU;NOSTRIN;PDK1;MREG;CXCR2P1;SP140;RAD18;SGO1;CXCR6;CCRL2;TRAIP;LMOD3;CIP2A;CD80;CD86;ADCY5;HEG1;SUCNR1;WFS1;BST1;NMU;SOWAHB;FGF5;TIGD2;SLC7A11;IL7R;LRRC70;MAST4;FOXD1;EDIL3-DT;C5orf46;SLC6A7;HAVCR2;STC2;HK3;GMNN;ZSCAN31;MICB;TAP1;COL11A2;LOC105375027;GRM4;ZFAND3-DT;LINC02541;COL10A1;CALHM6;TMEM244;105378077;SYTL3;HOXA11;MYO1G;PILRA;KEL;NCAPG2;C8orf48;MSR1;DOK2;ADAMDEC1;LOC107986951;PSCA;LOC105375798;CCDC171;LOC107986990;LOC105378305;PBLD;ZNF503;LINC00595;CEP55;C10orf88B;ANO9;CTSD;ADM;LRRC55;CD6;RELT;UCP2;BIRC3;MMP12;GRIA4;CD3E;CRTAM;CD4;OLR1;TMEM52B;SMCO3;RERG;MIR9898;CPM;LGR5;PMCH;SDS;THRIL;GALNT9;SACS-AS1;SLC7A1;RFC3;WDHD1;TMEM30B;IFI27;CHAC1;C15orf48;MIR147B;ATP8B4;MCTP2;IGSF6;OTOA;LINC02195;IL21R-AS1;TBX6;ITGAL;MT1G;HSD11B2;FOXL1;HASPIN;LOC107985017;PIMREG;HS3ST3A1;HS3ST3B1;MGC12916;ADORA2B;CCL18;IGF2BP1;LINC00673;CD300A;CD300LF;MAST1;ZSWIM4;PODNL1;COLGALT1;IFI30;GMIP;IGFLR1;MAP4K1;APOC4-APOC2;APOC2;KLC3;PPP1R13L;ODAD1;LOC101928517;SIGLEC10;FPR3;LILRA6;LILRB4;SIRPG;DSN1;RBL1;PELATON;MYT1;CLDN14;LOC107985513;RIMBP3C;OSM;HMOX1;APOL6;IL2RB;APOBEC3H;SMC1B;TYMP;GK,Tumor1;Tumor7;Tumor9;Tumor10;Tumor14;Tumor18,188,6
13,HTR1D;E2F2;SLC2A1-DT;RAD54L;FOXD2-AS1;FOXD3-AS1;CDC7;IQGAP3;DARS2;PTGS2;NUAK2;SLC26A9-AS1;RAB7B;ZNF695;SOX11;GEN1;STON1;DQX1;BUB1;NT5DC4;CXCR4;SPC25;LOC101927687;BARD1;HJURP;FANCD2;NUP210;LRRC3B;KIF15;CELSR3;AFAP1-AS1;BMP3;UNC5C;ARHGAP10;CEP72;LOC102724943;CDC20B;DEPDC1B;HAPLN1;LUCAT1;SLF1;EFNA5;PITX1;F12;LOC105374947;H3C2;H3C3;H3C8;H2AC13;H2AC16;ZKSCAN8P1;SESN1;TUBE1;ULBP2;RAET1K;EZR;STEAP1B;IGF2BP3;C8orf48;TACC1;SFRP1;GINS4;LOC105375894;MSC-AS1;TRPA1;FBXO43;TBC1D31;SQLE;TONSL;RECQL4;IFNE;ENHO;FAM27E3;PSAT1;PTPN3;C9orf43;SAPCD2;GATA3;CDK1;RTKN2;ELOVL3;C10orf88B;RASSF7;E2F8;PTPRJ;GLYATL1;TIGD3;CNIH2;PDE2A;GRIA4;CCDC15;107984489;DDX12P;LOC105369685;HOXC11;LOC100240735;GAS2L3;OAS2;RNFT2;OASL;STARD13;NIPA1;LOC107984763;CEP152;CCNB2;ISL2;TICRR;MESP1;PRC1;PRC1-AS1;SNORA10;ERN2;SBK1;KIF22;TBX6;LOC107984886;MT1G;SLC7A5;LOC107985017;ASIC2;LRRC37A8P;DLX4;SKA2;CACNG5;SOX9-AS1;SOX9;LOC107985034;JPT1;TK1;LRRC45;ABCA7;ADAMTSL5;ZNF560;MAST1;PBX4;LPAR2;WDR62;ZNF850;LIG1;FAM83E;PRKCG;UBE2S;ANKEF1;GINS1;DNMT3B;MYBL2;PABPC1L;MMP9;SLC12A5-AS1;RIPOR3;OPRL1;LOC107985532;LOC102723305;OGFRP1;LINC02154;LOC105373150;CENPI;GPC3,Tumor8;Tumor10;Tumor13;Tumor14;Tumor15;Tumor18,158,6
14,ENO1;C1QC;C1QB;RUNX3;CYP2J2;LINC02785;GPR61;PLEKHO1;ANP32E;S100A2;HDGF;PYHIN1;UAP1;MIR3658;LINC00862;DTL;EXO1;DTNB;STON1;PLEK;DQX1;CD8A;CYTOR;NCAPH;MIR4435-2HG;EN1;DBI;HOXD13;MDH1B;SNED1;CCR1;NT5DC2;ARHGEF3;FLNB-AS1;LMOD3;COL8A1;CD86;ZIC4;TACC3;FGF5;BMP3;RASGEF1B;UNC5C;PLK4;SLC7A11;SAP30;OTULINL;MAST4;CCNB1;DHFR;PITX1;HAVCR2;PTTG1;HMMR;TRIM7-AS1;GMNN;KIFC1;LOC105375027;FANCE;TUBE1;TMEM244;LINC03016;HOXA10;SUGCT;LUARIS;ADCY1;GS1-24F4.2;MSR1;ADAMDEC1;GINS4;TPD52;LINC02849;ATP6V0D2;AARD;TBC1D31;RECQL4;CD274;CIMIP2A;MCM10;LOC105378305;PBLD;KIF20B;HELLS;LINC00601;MKI67;KIF18A;FEN1;MMP12;CASP1;GRIA4;CCDC15;FOXM1;TEAD4;RAD51AP1;GAPDH-DT;CDCA3;DDX12P;107984129;LOC107984475;BMAL2;KRT71;PARPBP;DLGAP5;FLRT2-AS1;FAM30C;ISL2;LOC105370960;TEDC2;TEDC2-AS1;PKMYT1;ZP2;OTOA;CENPN;FOXL1;HASPIN;PIMREG;MGC12916;BRCA1;HROB;LOC105371793;HOXB5;TEX14;PRR11;SOX9;BIRC5;PDE6G;MIR924HG;SKA1;UHRF1;CYP4F2;IFI30;PBX4;IGFLR1;EML2-AS1;FPR3;LILRA6;LILRB4;RASSF2;GINS1;RBL1;MYBL2;PELATON;SALL4;107987294;MIR155HG;CBR3-AS1;CHAF1B;RIPK4;FRGCA;RIMBP3;CDC45;RIMBP3C;GTSE1;KIF4A;ERCC6L;KCNE5;FATE1,Tumor4;Tumor5;Tumor6;Tumor13;Tumor14;Tumor18,157,6
15,E2F2;CDC7;FAM72B;FAM72D;DCST1;NUF2;CENPL;DARS2;KIF14;FAM72A;EXO1;GEN1;CENPA;CYP26B1;NCAPH;BUB1;CKAP2L;SPC25;RAD18;SGO1-AS1;LRRC3B;KIF15;CELSR3;CEP15;POLQ;LOC107986126;TRIM59;DGKG;TACC3;LOC112268460;NSD2;NCAPG;LCORL;ZGRF1;MAD2L1;CCNA2;PLK4;SAP30;NEIL3;CENPU;SLF1;RGMB;KIF20A;ADAM19;HMMR;TTK;DNAH11;ANLN;C8orf48;MYBL1;ATAD2;LOC101927069;ZNF367;PTPN3;C9orf43;SAPCD2;CDK1;CEP55;LINC00601;E2F8;DDIAS;FOXM1;CDCA3;107987172;CBX5;CDK2;E2F7;TMPO-AS1;GAS2L3;PARPBP;SKA3;CKAP2;DIAPH3;ZIC2;CDKN3;NIPA1;LOC100288637;ARHGAP11A;BUB1B;KNL1;OIP5;NUSAP1;WDR76;CEP152;CCNB2;KIF23;FANCI;BLM;PRC1;PRC1-AS1;CCNF;TEDC2;107984837;GINS2;AURKB;TOP2A;KIF18B;SKA2;BRIP1;RNF157;LMNB2;UHRF1;SPC24;ASF1B;CCNE1;WDR62;DSN1;FAM83D;UBE2C;AURKA;C21orf58;CDC45;CENPM;CENPI,Tumor2;Tumor3;Tumor4;Tumor6;Tumor11;Tumor12;Tumor13;Tumor18,114,8
16,TNFRSF9;MAD2L2;PLA2G2D;C1QC;C1QB;SYTL1;LAPTM5;LCK;FOXE3;PLPP3;GBP1;GBP5;GFI1;DENND2D;PTPN22;CD2;TENT5C;TBX15;FAM72B;PLEKHO1;BCAN-AS1;PYHIN1;AIM2;SLAMF8;CD84;PTPRC;SLC26A9-AS1;RAB7B;CNIH3-AS1;LEFTY2;RSAD2;PLEK;CD8A;CD8B;IGKJ5;NEURL3;NOSTRIN;HOXD9;LOC100129455;LOC101927687;CTLA4;CXCR2P1;SP140;PDCD1;LRRC3B;EOMES;LOC105377043;CCR1;CD86;HEG1;GPR171;VEPH1;LOC107986249;JCHAIN;ANTXR2;EMCN;LOC105377508;CD180;LOC107986432;IRF1;HAVCR2;ITK;FOXCUT;UBD;TAP1;PSMB9;FOXP4-AS1;TMEM244;ULBP3;ZDHHC14;AUTS2;SLC26A4-AS1;TFEC;EIF4EBP1;HAS2;TONSL;CDKN2B;MIR4477A;MIR4477B;TUBB4B;CDK1;RTKN2;DNA2;TACR2;LIPM;ANKRD22;KIF11;LOC107984301;BATF2;CTSW;TBC1D10C;PGR;CRTAM;LINC00942;KRT18;HOXC8;CBX5;CRADD-AS1;IGF1;LOC105369965;USP30-AS1;OAS2;SDS;OASL;RXFP2;STARD13-AS;ZIC2;SLC7A7;TMEM30B;SERPINA1;BCL11B;LTK;KIF23;PRC1;PRC1-AS1;CCNF;PLK1;IL21R;IRX5;CENPN;AURKB;EVI2B;CCL5;HROB;LOC105371793;FMNL1-AS1;IGF2BP1;SOX9;TK1;SLC25A10;SIGLEC15;107985297;IFI30;SIGLEC10;FPR3;NLRP9;SIRPG;ZBP1;CTSZ;LOC102723996;SAMSN1;JAM2;TMPRSS3;UBASH3A;HMOX1;RASD2;PIM2;CXCR3;P2RY10;GPR174;SH2D1A,Tumor2;Tumor8;Tumor11;Tumor12;Tumor14;Tumor15,151,6
17,DDX11L17;ICMT-DT;FOXD2-AS1;CDKN2C;RAB3B;ZYG11A;FOXD3-AS1;ADGRL2;CHI3L2;SRGAP2D;TUFT1;S100A3;CKS1B;NECTIN4;LINC00626;LAMC2;LINC00862;G0S2;IRF6;CNIH3-AS1;LOC102723834;RMDN2;SIX2;NEURL3;MIR4435-2HG;NT5DC4;LOC105373581;CFAP210;DLX1;MDH1B;LINC01614;MREG;ARMC9;HJURP;LINC01238;NUP210;SGO1;CDHR4;LOC105377123;GXYLT2;COL8A1;NECTIN3;POLQ;EPHB1;KY;TRIM59;P3H2;CLDN1;LRRC15;NSD2;BST1;PGCKA1;NKX6-1;CENPE;ARHGAP10;UBE2QL1;LOC102724943;C7;ANXA2R;CCNO;PDE8B;LOC107986432;LOC102723654;SLC6A7;SCGB3A1;LOC105374898;NRN1;H2AC16;MICB-DT;TNXB;TCF21;ULBP2;105378077;INMT-MINDY4;MINDY4;SUGCT;SLC25A40;PCOLCE-AS1;PCOLCE;EPO;SMKR1;LOC105375521;LINC02849;IL33;IFNE;PHF24;LOC105376041;MIR4477B;LOC101927069;COL27A1;OBP2A;LOC105378305;RTKN2;TACR2;PPIF;FFAR4;HELLS;LINC00601;MIR210HG;IGF2;INS-IGF2;ZDHHC13;SVIP;SLC43A3;ASRGL1;RIN1;TESMIN;107984387;APOA1;CACNA2D4;GPR19;LOC107984475;TUBA1C;GALNT6;HOXC6;CAPS2;GOLGA2P5;PARPBP;WSCD2;GALNT9;DLEU7;LINC01232;STON2;ITPK1;LOC102724682;EXOC3L4;GLDN;LIPC;LOC105370924;MESP2;SRL;ITGAX;SALL1;LOC107985017;IGFBP4;LINC00671;LOC105371793;FMNL1-DT;HOXB3;HOXB7;LINC00673;SPHK1;OSBPL1A;LOC105372115;LOC105372212;LOC284240;DNMT1;MAST1;LPAR2;ZNF726;KCNK6;SPIB;PEG3;FAM110A;SPAG4;RBL1;FNDC11;107987293;107987294;CYYR1;FAM247D;LOC107985532;LOC102723305;MCM5;PFKFB1;RTL3;SYTL4;CHRDL1;FIRRE;MIR503HG;SLITRK2;IRAK1,Tumor1;Tumor2;Tumor7;Tumor10;Tumor15,172,5
18,DDX11L17;MAD2L2;STMN1;TEKT2;MYCL;DHCR24;VCAM1;FAM72B;CGN;LOC101928202;SLAMF9;UAP1;MIR3658;CENPL;DARS2;NUAK2;FAM72A;NEK2;LEFTY2;CHRM3;RSAD2;HPCAL1;SRD5A2;RMDN2;ITPRIPL1;NCAPH;CKAP2L;IL36G;STAT1;LINC01857;IGFBP5;SLC11A1;ITGA9;CDC25A;LMOD3;TMEM108;BFSP2;VEPH1;FGF5;RASGEF1B;TIFA;NDST3;CLGN;LOC105377508;HMGB2;CENPU;UBE2QL1;MCIDAS;CCNO;FOXD1;PDE8B;LOC107986432;RGMB;SOWAHA;IL12B;PTTG1;HMMR;WWC1;ADTRP;HLA-G;ZFAND3-DT;TREM1;OPN5;TCF21;MTFR2;AIG1;SAMD5;ULBP1;ZDHHC14;DNAH11;ADCY1;SPDYE2B;KEL;CASP2;ATP6V0E2;CDCA2;ESCO2;MCM4;KCNB2;HAS2-AS1;FAM95C;ANKRD18A;FAM201A;FAM27E3;C9orf40;B3GALT9;LHX2;PKN3;FUT7;TUBB4B;ACBD7;CDK1;DNA2;KCNMA1;105378369;ANKRD1;KIF11;PKD2L1;AFAP1L2;LHPP;ADAM8;H19;GLYATL2;LOC105369315;SAXO4;FEN1;RIN1;UNC93B1;FOLR1;RELT;UCP2;MTNR1B;MMP12;102724852;LOC408186;BMAL2-AS1;KRT71;PRIM1;STAC3;PTPRB;SOCS2-AS1;SOCS2;GOLGA2P5;IGF1;CIT;BRI3BP;THRIL;RFC3;ZIC2;DUXAP10;ADCY4;PAX9;POLE2;RHOJ;RGS6;TEDC1;102724055;OIP5;SLC27A2;CIAO2A;PCLAF;KIF23;CELF6;BCL2A1;FANCI;ANPEP;RCCD1;PRC1-AS1;MCTP2;CCNF;RMI2;ARL6IP1;REXO5;ZP2;TBX6;LOC105371275;IRX5;CMTM1;PMFBP1;CENPN;AURKB;ATAD5;RDM1;CDC6;TOP2A;KRT31;HROB;LOC105371793;HOXB6;PPM1E;PRR11;TBX4;LINC01152;RNF157-AS1;RNF157;107985050;ARK2C;SKA1;LOC105372115;DCC;HMSD;TNFSF9;RNASEH2A;ASF1B;CYP4F2;HAUS8;CKM;UBE2S;LOC101929707;GINS1;CBLN4;JAM2;LINC01426;FRGCA;RANBP1;IGLV3-1;SMIM45;LOC101927344;PNPLA3;RIBC2;PIM2;EDA2R;MT-TV,Tumor8;Tumor9;Tumor13;Tumor18,203,4
19,E2F2;FOXD2-AS1;DEPDC1-AS1;CD58;FAM72B;FAM72C;FAM72D;IQGAP3;MIR3658;CENPL;DARS2;ASPM;KIF14;UBE2T;FAM72A;NEK2;CCSAP;RFX8;SLC20A1;NT5DC4;SPC25;HJURP;SGO1-AS1;POC1A;POLQ;LOC107986126;SMC4;LOC112268460;NCAPG;CCNA2;HAPLN1;PTTG1;HMMR;H3C3;TCF19;TUBE1;DNAH11;CDCA7L;XRCC2;PBK;MCM4;MYBL1;C9orf43;SAPCD2;LOC105376369;CDK1;CEP55;E2F8;BDNF;PRRG4;DDIAS;SCN8A;SCAT2;CDK2;E2F7;TMPO-AS1;CIT;THRIL;SKA3;BRCA2;RFC3;CKAP2;GPR183;CDKN3;KCNK13;ATP10A;GPR176;BUB1B;KNL1;NUSAP1;CEP152;PCLAF;PIF1;KIF23;RCCD1;PRC1;PRC1-AS1;PAQR4;PKMYT1;OTOAP1;ORC6;LOC105371275;CRNDE;IRX5;ADAD2;GINS2;LOC107985017;SHMT1;TOP2A;SKA2;PRR11;BRIP1;TK1;ASF1B;SIGLEC7;FAM83D;UBE2C;C21orf58;CENPI;MT-TV,Tumor1;Tumor3;Tumor6;Tumor9;Tumor12;Tumor13;Tumor15;Tumor18,100,8
20,RUNX3;RUNX3-AS1;HIVEP3;CDC20;ORC1;CD58;OLFML2B;RGS1;107985272;LOC102723834;RRM2;SRD5A2;MEIS1-AS2;SMANTIS;ITPRIPL1;IL1RN;SNHG31;IGFBP5;CCR1;KBTBD8;CIP2A;ADCY5;EPHB1;GPR171;KLHL6;LOC105374353;SCFD2-AS1;ANTXR2;ARSJ;CEP72;UBE2QL1;C7;F2RL2;CDC25C;GPRIN1;F12;ZFP2;107986517;GMNN;H2AC13;TBX18;CALHM6;ZDHHC14;HOXA11;MYO1G;PLXNA4;TMUB1;ZFHX4;RIPK2;RAD54B;IL33;AQP7;PHF24;FANCG;CEMIP2;ITIH5;MASTL;VSTM4;PTEN;NEURL1;RAB11FIP2;IGF2;INS-IGF2;LINC02724;SLC22A11;NUDT8;LINC02754;ANO1;DSCAML1;SMCO3;RERG;LOC107984475;SMCO2;DDX11;TUBA1B;TUBA1C;TROAP;RACGAP1;KRT8;MIR3198-2;SCAT2;TIMELESS;CRADD-AS1;PMCH;WSCD2;CIT;HCAR3;CRYL1;NDRG2;LINC02316;LGMN;ANKRD9;CDCA4;GLDN;AQP9;PIF1;ZWILCH;SNORA10;ORC6;SALL1;CENPN;CENPN-AS1;TOP3A;NOS2P3;ASIC2;SLFN11;MYL4;LIMD2;TYMSOS;TYMS;LOC105372212;TNFSF9;COLGALT1;KLC3;ZNF114;HRC;OSCAR;PEG3;FAM110A;RBL1;KCNS1;FAM247D;OSM;TIMP3;APOBEC3B-AS1;LOC101927344;SUV39H1;GAGE12H;RTL3;IRS4;CHRDL1,Tumor2;Tumor4;Tumor9;Tumor12;Tumor13;Tumor18,131,6
21,KCNAB2;RPS6KA1;MYCL;PDE4B;ST6GALNAC5;WNT2B;CD58;TENT5C;ANP32E;INSRR;FCGR3B;UAP1;DTNB;STON1-GTF2A1L;PLEK;HK2;101928152;IL1R2;IL1RN;CXCR4;LY75;PDK1;STAT1;CTLA4;ICOS;FZD5;SP140L;RAD18;LOC151760;MINDY4B;SUCNR1;CLDN1;CXCL9;RASGEF1B;BANK1;TIFA;EDNRA;RXFP1;LRRC70;RGMB;LOC107986466;UBD;MICB;LOC105375027;LINC01016;TREM1;EZR;HOXA10;HOXA11;JAZF1-AS1;AUTS2;CASP2;LGI3;IDO1;TPD52;FOXH1;LOC107987042;FANCG;SLC31A2;B3GALT9;UAP1L1;LINC00595;JAKMIP3;ADM;SVIP;MUC15;BATF2;ANO1;DSCAML1;SLC37A2;BARX2;LOC408186;LOC105369685;ABCD2;MIR3198-2;INHBE;LOC105369850;LINC00944;RXFP2;DIAPH3;MZT1;TEX30;NDRG2;PAX9;WDHD1;BCL11B;LMF1-AS1;PRSS21;LINC02195;TMEM107;ADORA2B;KRT31;CACNG5;ARK2C;MATK;STXBP2;LPAR2;ZNF850;GIPR;SPIB;SHANK1;KLK6;TMEM238;FAM110A;LOC101929707;PABPC1L;CD40;OPRL1;LOC107985513;TMPRSS3;LINC02575;C21orf58;USP18;DGCR11;LOC105372863;APOL1;APOBEC3A;SMIM45;KLHDC7B-DT;KLHDC7B;PRKX;102724092;GAGE12H;GAGE2A;FTX;NXT2;AGTR2,Tumor1;Tumor2;Tumor5;Tumor7;Tumor14;Tumor16,127,6
22,SYTL1;MYCL;PDE4B;GFI1;COL11A1;PTPN22;CD2;LOC101928202;PYHIN1;TAGLN2;NECTIN4;ADAMTS4;NCF2;PACERR;107985272;LINC01871;DTNB;HK2;CD8A;101928152;IL1RN;112268426;CXCR4;STK17B;HECW2-AS1;SP140;SNED1;EDEM1;EOMES;PRKCD;KBTBD8;MYH15;TRAT1;EPHB1;KY;PTX3;BANK1;MCUB;TNIP3;EDNRA;RXFP1;GZMA;C5orf46;ITK;ZSCAN31;TREM1;SESN1;LINC02541;COL10A1;HOXA11;SAMD9;ATP6V0E2;SH2D4A;DOK2;DNAJC5B;KCNB2;ATP6V0D2;PSCA;CD274;MIR31HG;IFNE;PHF24;SLC31A2;GARNL3;112268056;GATA3;LDHA;HTATIP2;CD82;CD6;CD5;ACY3;ANO1;P2RY6;MTNR1B;CD3E;GLB1L3;TUBA1C;INHBE;GALNT9;SACS-AS1;EPSTI1;PCDH9;PAX9;LOC105370569;FLRT2-AS1;LINC02316;LINC02287;BCL11B;CHRFAM7A;CHRNA7;GPR176;AQP9;CIAO2A;CELF6;SYNGR3;MYL11;ITGAL;SALL1;FOXL1;CXCL16;CD68;ADORA2B;TOP3A;RAB11FIP4;CCL5;TYMSOS;ICAM1;PLAUR;APOC4-APOC2;APOC2;KLC3;GIPR;KLK6;SPAG4;CBLN4;FNDC11;CLDN14-AS1;UBASH3A;RANBP1;IL2RB;RAC2;PRKX;SLC9A7;IRS4;IRAK1,Tumor2;Tumor5;Tumor7;Tumor14;Tumor16;Tumor18,126,6
23,FHAD1;RUNX3;HIVEP3;PLPP3;ADORA3;DCLRE1B;105371441;S100A3;CFAP45;OLFML2B;CENPL;LINC00862;TNNI1;UBE2T;DTL;LINC01122;IL1B;STEAP3;LOC105373581;SPC25;DLX1;HOXD3;CCDC150;IGFBP5;DOCK10;ARL4C;ADAMTS9-AS1;EFCC1;LRRC15;LOC105377508;HMGB2;UBE2QL1;C7;THBS4;CDHR2;TNXA;TNXB;112267972;LOC107986675;NFE2L3;CFAP69;LINC01605;ZFHX4;RIPK2;RAD54B;MTBP;IL33;AQP7;RASEF;SMC2;TUBB4B;MASTL;TACR2;KCNMA1;PPIF;PTEN;SEC31B;PRLHR;BTBD16;C10orf143;LSP1;103344718;ALX4;DSCAML1;107987375;SMCO3;RERG;SMCO2;ABCD2;WNT10B;HOXC6;SOCS2;LOC105369965;LRRC63;LOC105370705;POLE2;SPTB;ITPK1;102724055;RAD51;CIAO2A;PCLAF;TIPIN;CCNF;LOC105371050;TEDC2;PKMYT1;SRL;IRX5;GINS3;CHST6;CENPN;CDT1;YBX2;CDC6;FMNL1;PRR11;RNF157-AS1;SPHK1;BIRC5;SLC25A10;TYMSOS;TYMS;LPIN2;OSBPL1A;LOC105372115;ELAVL3;HAUS8;USHBP1;ZNF208;DPF1;KCNK6;107984140;CYYR1;LINC01426;TIMP3;LINC02968;PRKX;FRMPD4;SUV39H1;PFKFB1;GDPD2;NXT2;HMGB3;CSAG2,Tumor4;Tumor7;Tumor9;Tumor13;Tumor15;Tumor18,125,6
24,KCNAB2;TNFRSF9;ZNF683;SYTL1;BCAR3;GPR61;PTPN22;CD58;TENT5C;H3-7;ITGA10;AIM2;ADAMTS4;FCGR3B;RGS1;ZNF281;NUAK2;MIR4260;TRAF3IP3;MEIS1-AS2;HOXD4;HOXD3;LINC01857;TUBA4A;DOCK10;SP140L;RDUR;ZBED2;SLC12A8;SUCNR1;PTX3;BST1;SEL1L3;CXCL9;CXCL10;MCUB;ZGRF1;LOC100419170;CEP72;SLC1A3;IL12B;PLA2G7;SESN1;LINC02541;TMEM244;HOXA11;INHBA-AS1;AUTS2;TFEC;AKR1B10;EZH2;XKR5;CTSB;MSR1;PBK;SFRP1;RAD54B;LOC105375798;PTPN3;SLC31A2;PHF19;KCNMA1;H19;IGF2;INS-IGF2;ADM;LYVE1;GALNT18;PRRG4;TIGD3;CNIH2;DGAT2;BIRC3;102724852;OLR1;TMEM52B;LOC107984475;ABCD2;MIR9898;LOC105369850;WSCD2;USP30-AS1;SDS;SLC7A1;STARD13;DLEU7;NDRG2;TSHR;BCL11B;ATP10A;GPR176;C15orf48;MIR147B;AQP9;LOC102723714;FURIN;CMTM1;TMEM132E;FMNL1-DT;LINC01152;SOX9-AS1;SPHK1;NDC80;MOCOS;DCC;ALPK2;ADAMTSL5;TNFSF14;CCDC194;COLGALT1;PLAUR;APOC4-APOC2;APOC2;GIPR;ZNF114;SPIB;SYCP2;OSM;APOL1;APOBEC3A;ADM2;MIOX;GPC3;MT-TM,Tumor5;Tumor7;Tumor8;Tumor10;Tumor12;Tumor13,124,6
25,E2F2;CDCA8;STIL;FOXD2-AS1;DEPDC1;CD58;SRGAP2D;IQGAP3;CENPL;ASPM;LOC107985259;NEK2;CENPF;CCSAP;RRM2;HPCAL1;GEN1;CENPA;MEIS1-AS2;SMANTIS;BUB1;MCM6;CCDC150;PASK;RAD18;EMC3-AS1;FANCD2;SGO1;SGO1-AS1;CELSR3;CFAP20DC;CIP2A;MCM2;SMC4;NSD2;NCAPG;MAD2L1;CCNA2;PLK4;MND1;C4orf46;NEIL3;CENPU;CENPH;SLF1;SPDL1;STC2;OR2B6;TBX18;MMS22L;MTFR2;HOXA11;INMT-MINDY4;MINDY4;ANLN;XRCC2;GGH;MYBL1;ATAD2;PHF24;PHF19;LOC105376266;SAPCD2;TUBB4B;MASTL;CEP55;E2F8;FAM111B;CDCA5;CDCA3;SOCS2;GAS2L3;SKA3;GPR183;LOC100288637;ARHGAP11A;RYR3;CEP152;BLM;PAQR4;RMI2;LOC107984886;GINS2;LOC107985017;ADORA2B;TOP3A;SPAG5;TOP2A;TYMS;CHAF1A;UHRF1;SPC24;ASF1B;WDR62;E2F1;FAM83D;AURKA;C21orf58;CDC45;TIMP3;LINC02154;ERCC6L;CENPI,Tumor3;Tumor5;Tumor6;Tumor8;Tumor13;Tumor15;Tumor16,103,7
26,TNFRSF18;PLCH2;C1QC;C1QB;LAPTM5;LCK;NHSL3;MCOLN2;GBP5;GFI1;NBPF6;DENND2D;PTPN22;CD2;PYHIN1;SLAMF8;CD84;CD48;SLAMF7;ARHGAP30;NPL;NCF2;PTPRC;TRAF3IP3;PLEK;CD8B;IGKJ5;CYTIP;SPC25;HOXD3;ICOS;SP140;LRRC3B;EOMES;CXCR6;CCR5;TRAT1;CD96;ZBED2;PARP14;GPR171;KLHL6;P3H2;CD38;TMEM156;JCHAIN;CXCL10;CD180;HAVCR2;PSMB9;ETV7;CALHM6;THEMIS;TFEC;DOK2;SIT1;FAM27E3;LIPM;ANKRD22;CD6;CD5;P2RY6;CD3D;CRTAM;CD4;LYZ;OASL;TNFSF13B;SERPINA1;IGSF6;LINC02195;IL21R;IL21R-AS1;APOBR;CORO1A;ITGAL;CD68;EVI2A;CCL5;CCL18;IGF2BP1;SOX9-AS1;CD300A;DCXR;FPR3;LILRA6;NLRP9;SIRPG;CD40;ZBP1;SAMSN1;UBASH3A;ITGB2;APOL6;NFAM1;IL2RG;CXCR3;P2RY10;GPR174;SH2D1A;SASH3,Tumor3;Tumor6;Tumor7;Tumor8;Tumor9;Tumor11;Tumor12,101,7
27,PLCH2;TEKT2;CDCA8;TAL1;IFI44;LPAR3;GBP1;LIX1L-AS1;TAGLN2;ADAMTS4;DARS2;LOC100506274;CENPA;IL1R2;SPC25;PDK1;SGO2;SNHG31;CCR1;ILDR1;CD86;PARP14;P3H2-AS1;TMED11P;NMU;BMP3;HAPLN1;CDHR2;TRIM7-AS1;CRISP2;CALHM6;EPM2A;LOC101929756;DLX6-AS1;GPR22;SLC26A4-AS1;KCP;LOC105375610;NCAPG2;GS1-24F4.2;SFTPC;DNAJC5B;ZFHX4;SQLE;SLA;AQP7;C9orf40;112268056;TUBB4B;ITIH5;ACBD7;LINC02944;PRLHR;DENND2B-AS1;BBOX1;CD6;DDIAS;CEP126;DSCAML1;BMAL2;KRT71;HOXC6;LGR5;BRI3BP;GALNT9;GALNT9-AS1;GPR12;107984567;PCDH8;COCH;DAAM1;MAP3K9-DT;ISM2;LINC02287;CA12;PCLAF;112268163;LOC105371275;IRX5;GINS3;CHST6;ADAD2;PIMREG;YBX2;HS3ST3A1;PRAC2;MIR3185;HOXB13;SKA2;CYP4F2;USHBP1;IL12RB1;KLK3;KLK6;RASSF2;LOC101929707;GATA5;MYT1;USP18;FAM247D;LOC105372863;IL2RB;APOBEC3A;OGFRP1;102724092;DIPK2B;GAGE12H;GAGE2A;CENPI;PLP1;NXT2;AGTR2,Tumor2;Tumor4;Tumor5;Tumor8;Tumor9;Tumor12,112,6
28,MAD2L2;ORC1;DHCR24;DCLRE1B;FAM72B;FAM72A;NEK2;LEFTY2;MEIS1-AS2;CYP26B1;NCAPH;BUB1;CKAP2L;NOSTRIN;SGO2;BOK;KY;SPSB4;WFS1;NCAPG;LCORL;HOPX;MAD2L1;CCNA2;LOC105377508;C4orf46;PCDHAC1;GMNN;H3C3;GRM4;FBXO5;DBF4;SLC26A4-AS1;LOC105375521;CDCA2;HAS2;SLURP2;AQP7;FANCG;CKS2;SMC2;112268056;TUBB4B;ZNF503;C10orf143;103344718;H19;CCDC34;INCENP;CDCA5;PGR;102724852;CCND2;BMAL2-AS1;E2F7;TFDP1;NDRG2;POLE2;CDKN3;WDHD1;BUB1B-PAK6;KNL1;RAD51;WDR76;TIPIN;LCTL;KIF23;FANCI;LOC105371050;SHCBP1;NKD1;CRNDE;IRX5;GINS3;CENPN;GINS2;SCARNA21;COX10-DT;CDC6;107985050;TYMS;LMNB2;COLGALT1;CCNE1;APLP1;TTYH1;FAM83D;JAM2;CHAF1B;CDC45;APOBEC3B;APOBEC3B-AS1;CENPM;FRMPD4,Tumor2;Tumor3;Tumor9;Tumor12;Tumor13;Tumor14;Tumor15,94,7
29,RAD54L;RAB3B;NBPF6;HDGF;CFAP45;SLAMF9;NECTIN4;MIR3658;RGS16;LEFTY2;TFCP2L1;HOXD4;IGFBP5;SLC11A1;NYAP2;POC1A;PRKCD;GXYLT2;RDUR;ILDR1;PLXNA1;LOC105374353;LINC02475;FGF5;LOC105377404;SLC7A11;C7;MAST4;TMEM171;THBS4-AS1;ISOC1;FOXCUT;TFAP2A;TFAP2A-AS1;LOC105374947;H3C3;H2BC9;H3C8;LINC01016;NFKBIE;101928096;RAET1K;ULBP3;FBXO5;C1GALT1;RPA3;EPO;CLEC5A;EIF4EBP1;PI15;LNCOC1;FANCG;C9orf40;OBP2A;CIMIP2A;CXCL12;KCNMA1;105378369;PPIF;SEC31B;IGF2;INS-IGF2;HTATIP2;BBOX1;CCDC34;MMP12;107984387;H2AX;107984129;KRT71;KRT18;HOXC8;HOXC6;IGF1;THRIL;STARD13-AS;LINC01232;CMTM5;TEDC1;LINC00221;BUB1B-PAK6;ATP8B4;IRX3;GINS3;CENPN;CENPN-AS1;PIMREG;AURKB;MIR3185;IGF2BP1;LOC107985034;JPT1;TK1;SLC25A10;FAM187B;IL4I1;SEL1L2;SPAG4;FAM247D;CENPM;SUV39H1;HMGB3;ZNF185,Tumor1;Tumor4;Tumor11;Tumor12;Tumor13;Tumor16,103,6
30,CRYBG2;TAL1;GBP5;LINC00626;LEFTY2;HPCAL1;LINC01914;SIX2;PGM5P4-AS1;DLX1;ITGA6;CTLA4;SNHG31;SCARNA5;105373991;CDC25A;SEMA3G;MCM2;TMED11P;CXCL9;LOC105377508;GASK1B;HMGB2;CDC20B;MAST4;WWC1;TFAP2A-AS1;OR2B6;TNXA;TNXB;PTCHD4;SESN1;TRAF3IP2-AS1;ZDHHC14;105378077;EZR;AQP1;DBF4;DLX6-AS1;TACC1;MCM4;DNAJC5B;HAS2;FAM83H;IL33;PHF24;RMI1;SMC2;AKR1C3;TACR2;LINC00595;NEURL1;LHPP;IGF2;INS-IGF2;PARVA;GLYATL1;MMP12;PTPRB;LGR5;SOCS2-AS1;SOCS2;CRADD-AS1;WSCD2;TFDP1;LOC105370705;ADCY4;RHOJ;PLEKHG3;SPTB;MAP3K9-DT;ITPK1;TEDC1;SPINT1;PCLAF;CELF6;CPLX3;SRL;MT1H;CENPN-AS1;AURKB;RAB11FIP4;IGFBP4;LIMD2;RNF157-AS1;SLC25A10;CHAF1A;JAK3;IGFLR1;RASSF2;SEL1L2;JAM2;APOBEC3A;PIM2;HMGB3,Tumor1;Tumor8;Tumor9;Tumor13;Tumor14;Tumor18,95,6
31,VCAM1;COL11A1;S100A2;AIM2;TAGLN2;LINC00862;HLX;CLHC1;KYNU;CYTIP;LOC100129455;STK17B;NYAP2;ARL4C;SNED1;ITGA9;ADAMTS9-AS1;GXYLT2;COL8A1;ZIC1;PTX3;LRRC15;CXCL9;CXCL10;LOC101928007;OTULINL;SLC1A3;MICB-DT;RUNX2;CGAS;SAMD9;TMEM176B;XKR5;LOC105375690;TBC1D31;LOC105375798;FOXH1;FBP1;112268056;RAB11FIP2;JAKMIP3;LSP1;SVIP;PRR5L;CD82;LOC105369315;CNIH2;ANO1;DGAT2;MMP1;GUCY1A2;OLR1;TMEM52B;TROAP;GALNT6;INHBE;LYZ;LINC01050;EPSTI1;LINC02328;IFI27;TNFAIP2;RYR3;LINC01583;LOC105370924;ACAN;ITGAX;NKD1;HS3ST3A1;HS3ST3B1;MGC12916;SLFN11;PPM1E;LINC00673;DCC;ASF1B;BST2;PAFAH1B3;PLAUR;ODAD1;LOC101928517;MAFB;FNDC11;MIR155HG;LOC107985492;TIMP3;RAC2;SYTL4;PLP1;CSAG2;CSAG3;MT-TV,Tumor1;Tumor5;Tumor8;Tumor11;Tumor12;Tumor14,92,6
32,TMEM201;CLSPN;CDCA8;STIL;DEPDC1;FAM72D;ANP32E;NUF2;NCAPH;BUB1;CKAP2L;MCM6;SGO2;BARD1;RAD18;FANCD2;KIF15;TRAIP;FLNB-AS1;CFAP20DC;CIP2A;MCM2;NSD2;NCAPG;MTTP;CENPE;ZGRF1;PLK4;MND1;NEIL3;TRIP13;CCNB1;CENPH;KIF20A;CDC25C;HMMR;CDCA2;PBK;ATAD2;MELK;C9orf43;MCM10;ZWINT;KIF20B;KIF11;HELLS;INCENP;RAD51AP1;GAS2L3;LOC100288637;KNL1;WDR76;PRC1;PRC1-AS1;SHCBP1;ORC6;ATAD5;TOP2A;HROB;KIF18B;NDC80;LMNB2;ASF1B;GINS1;DSN1;UBE2C;CHAF1B;GTSE1,Tumor3;Tumor4;Tumor6;Tumor7;Tumor11;Tumor13;Tumor16;Tumor18,68,8
33,TMEM201;CEP85;LAPTM5;MYCL;IFI44L;CCDC18;VCAM1;OLFML2B;NUF2;LAMB3;HPCAL1;LINC01943;SOCAR;IL1RN;ITGA6-AS1;RAD18;EMC3-AS1;CFAP20DC;LMOD3;SLC12A8;EPHB1;NCAPG;SLC7A11;CLGN;NEIL3;CENPU;UBE2QL1;LINC02998;CENPK;PITX1;SCGB3A1;TFAP2A-AS1;HLA-G;TREM1;NFKBIE;OPN5;RPA3;ANLN;DPY19L2P2;DOK2;LOC105379362;PTPN3;FUT7;MKX;ADAM8;UNC93B1;ST14;BRCA2;CKAP2;NUSAP1;ANPEP;PRC1-AS1;ARL6IP1;IL21R;IL21R-AS1;107984837;WNT3;PPM1E;BRIP1;LIMD2;LINC00673;CD300A;UBALD2;BRME1;IGFLR1;ZNF850;KCNN4;GIPR;107984140;OSCAR;ANKEF1;FAM83D;CLDN14;MX2;LOC101927344;COL4A5;CHRDL1,Tumor2;Tumor4;Tumor5;Tumor8;Tumor10;Tumor11;Tumor12,77,7
34,E2F2;CLSPN;CDC7;FAM72B;FAM72C;FAM72D;NUF2;ASPM;KIF14;FAM72A;CENPF;CCSAP;EXO1;RRM2;SGO1;SGO1-AS1;TRAIP;POLQ;LOC107986126;SMC4;CAMK2N2;NCAPG;LCORL;SAP30;TCF19;TTK;MELK;SAPCD2;TUBB4B;CEP55;HELLS;INCENP;CDK2;E2F7;PARPBP;SKA3;ACYP1;ARHGAP11A;BUB1B;WDR76;CEP152;PRC1;PAQR4;IRX5;GINS2;SPAG5;TOP2A;LOC105372115;RNASEH2A;ASF1B;MGME1;E2F1;RBL1;UBE2C;CDC45;CENPI,Tumor2;Tumor3;Tumor6;Tumor7;Tumor10;Tumor13;Tumor15;Tumor16;Tumor18,56,9
35,PLA2G2D;CD52;LAPTM5;PTPN22;CTSS;CGN;CD84;SLAMF7;NECTIN4;LOC102723834;RSAD2;LINC01871;STON1-GTF2A1L;ATP6V1B1-AS1;LINC01943;RFX8;SOCAR;CXCR4;CYTIP;STAT1;HECW2-AS1;LOC101927687;CTLA4;ICOS;EMC3-AS1;ARHGEF3;LOC105377123;ZBED2;SOWAHB;BANK1;TNIP3;GZMA;EFNA5;TFAP2A-AS1;107986517;NKAPL;PSMB9;CGAS;EPM2A;LINC03016;DOK2;FANCG;FBP1;SLC31A2;GATA3;FFAR4;CD6;RIN1;ACY3;UNC93B1;P2RY6;WNT5B;CACNA2D4;BMAL2;BRCA2;PCDH9;LINC02316;IFI27;LINC00221;C15orf48;PSTPIP1;BCL2A1;ACAN;ANPEP;CENPN;CCR7;CACNG5;LINC01971;HMSD;IFI30;LPAR2;PLAUR;APOC1;APOC4-APOC2;APOC2;GIPR;SIGLEC7;FPR3;LAIR2;NLRP9;ZBP1;TMPRSS3;PDE9A-AS1,Tumor1;Tumor5;Tumor6;Tumor9;Tumor14;Tumor16,83,6
36,GNB1-DT;USP1;FOXD3-AS1;LINC01731;H3C14;LAMC2;TRAF3IP3;C1orf74;HPCAL1;SDC1;MARCO;DBI;FZD5;BARD1;SCARNA5;FANCD2OS;POC1A;ILDR1;TMEM108;FGF5;DAPP1;GZMA;TMEM171;H3C3;LOC107986606;FHL5;TUBE1;EPM2A;SMKR1;DOK2;C9orf40;RMI1;FBP1;SLC2A6;AKR1C2;VSTM4;ENTPD1;ELOVL3;PGGHG;ALX4;PTPRJ;CDC42EP2;FOSL1;ACY3;CASP1;CCDC15;KRT18;HOXC11;HOXC8;LOC100240735;STAC3;OAS2;RNFT2;SLC7A7;ADCY4;RN7SL2;STON2;GPR176;RCCD1;IL21R-AS1;TBX6;IRX3;IGFBP4;FMNL1;SOX9;CD300A;ITGB4;LRRC45;DCXR;ABCA7;BST2;ZNF726;SIGLEC9;SIGLEC7;UBE2S;RASSF2;ZBP1;LOC102723996;CLDN14;RIMBP3C;SYTL4;KCNE5,Tumor1;Tumor2;Tumor5;Tumor7;Tumor10;Tumor15,82,6
37,E2F2;CLSPN;DCST1;IQGAP3;NUF2;CENPL;PACERR;ASPM;EXO1;NCAPH;BUB1;CKAP2L;HJURP;RAD18;EMC3-AS1;KIF15;CFAP20DC;POLQ;ECT2;CAMK2N2;NCAPG;PLK4;NEIL3;TCF19;ANLN;EZH2;PBK;MCM4;FBXO43;MELK;KIF20B;KIF11;RXFP2;DLGAP5;WDR76;PRC1-AS1;PLK1;SHCBP1;CDT1;LOC107985017;SPAG5;ATAD5;TOP2A;SKA1;UHRF1;ANKEF1;MGME1;GINS1;TPX2;DSN1;FAM83D;CHAF1B;CDC45;ERCC6L,Tumor1;Tumor2;Tumor3;Tumor10;Tumor11;Tumor12;Tumor13;Tumor16;Tumor18,54,9
38,UTS2;FHAD1-AS1;RUNX3;RUNX3-AS1;CD52;SYTL1;PTAFR;FOXD3-AS1;105371441;S100A2;LOC101928202;SLAMF7;CHRM3;LINC01871;IL1B;IL1RN;SCN7A;HOXD9;EOMES;CSTA;EPHB1;TMEM156;MCUB;TIFA;LOC101928007;ISL1;GZMA;ADAMTS19;SOWAHA;LOC102724765;ETV7;ZFAND3-DT;ENPP5;CRYBG1;PKIB;ABCB5;MYO1G;UPP1;PCOLCE-AS1;105375560;DOK2;IDO1;CA3;ATP6V0D2;LOC105369147;CD274;CD82;NUDT8;UNC93B1;P2RY6;GUCY1A2;ST14;DDN;GALNT6;PTPRB;LOC107984551;EPSTI1;DAAM1;LOC105370569;IGHG3;IGHM;GCHFR;SLC27A2;CIAO2A;APOBR;PMFBP1;MGC12916;ETV4;HOXB4;101060400;LIMD2;CD300A;CD70;ICAM1;CKM;LILRA5;DPH3P1;MX2;RAC2;TYMP;SLC9A7,Tumor3;Tumor11;Tumor12;Tumor14;Tumor16;Tumor18,81,6
39,TMEM201;HTR1D;KIF2C;FAM72D;RAB7B;NEK2;DTL;CENPF;CENPA;DPYSL5;NT5DC4;IL36G;HOXD13;TRAIP;ZGRF1;GASK1B;CEP72;LOC102724943;MAST4;KIF20A;CDC25C;HMMR;CDHR2;GPRIN1;H3C3;TTK;FBXO43;ANKRD18A;PTPN3;LHX2;ZWINT;GALNT18;LRRC55;FAM111B;CNIH2;SLC29A2;FOLR1;DGAT2;GAPDH-DT;107984489;ESPL1;CRYL1;UBE2L5;COCH;FAM30C;ATP8B4;SNORA10;SBK1;ORC6;PIMREG;HOXB13;SOX9-AS1;NDC80;LMNB2;MAST1;GRIN2D;UBE2S;DNMT3B;E2F1;UBE2C;SALL4;OPRL1;107987294;CHAF1B;C21orf58;SMC1B;KIF4A;FIRRE;GPC3,Tumor5;Tumor7;Tumor8;Tumor10;Tumor11;Tumor13;Tumor18,69,7
40,FAM110D;LCK;CDC7;DCLRE1B;CD2;SRGAP2B;H2BC18;ARHGAP30;LINC00626;CHRM3;TRABD2A;CD8B;IGKJ5;SOCAR;IL1B;IL36G;CTLA4;MDH1B;LINC01857;BOK;PDCD1;CXCR6;ADAMTS9-AS1;EFCC1;KCNMB2;LOC107986249;PI4K2B;SCFD2-AS1;EMCN;MND1;CENPK;F2RL2;FLT4;TFAP2A-AS1;COL11A2;DACT2;SMOC2;SSC4D;PCLO;DBF4;PILRA;102724660;KCP;AKR1B10;C8orf48;SQLE;RECQL4;SMC2;ANO9;CTSW;UNC93B1;LOC105369458;GAPDH-DT;ESPL1;LOC100240735;PTPRB;USP30-AS1;LINC00539;LOC105370337;IGHG3;IGHM;LTK;SCARNA21;ETV4;101060400;PRAC2;HOXB13;IGF2BP1;TNFSF14;MAP4K1;CYP2S1;LIG1;107984140;LOC105379504;PDE9A-AS1;IGLV3-1;KLHDC7B-DT;DIPK2B;PIM2;CXCR3,Tumor1;Tumor2;Tumor5;Tumor7;Tumor15;Tumor16,80,6
41,CASZ1;DIRAS3;WNT2B;PTPN22;ZNF687-AS1;PTPRC;INAVA;NUAK2;SRD5A2;101928152;CXCR4;ITGA6;FTCDNL1;LINC01857;105373991;CXCR6;PLSCR2;VEPH1;107986257;AFAP1-AS1;UBE2QL1;SLC1A3;ANXA2R-OT1;ISOC1;H3C2;ZFAND3-DT;SESN1;TRAF3IP2-AS1;101928096;EPM2A;SYTL3;SSC4D;TFR2;TFEC;LGI3;DNAJC5B;XKR9;MSC-AS1;RIPK2;KIFC2;FAM27E3;C9orf43;MUC15;SLC29A2;BIRC3;LOC100240735;TEX30;PRECSIT;LOC100506071;PLEKHG3;SPTB;RGS6;BDKRB1;EXOC3L4;NIPA1;CHRFAM7A;CHRNA7;ATP8B4;ACAN;TEDC2-AS1;ZNF267;HOXB6;PRAC2;HOXB13;IGF2BP1;DLX4;SKA2;LPIN2;BRME1;WDR88;APOC4-APOC2;APOC2;GIPR;ZNF114;TMEM238;SYCP2;LOC105379504;DOP1B;LINC02575;GDPD2,Tumor1;Tumor2;Tumor9;Tumor13;Tumor15;Tumor16,80,6
42,DRAXIN;CDC20;KIF2C;EXO1;GEN1;BUB1;CKAP2L;SPC25;SGO2;BARD1;TUBA4A;HJURP;SGO1;SGO1-AS1;KIF15;DEPDC1B;CCNB1;LMNB1;KIF20A;CDC25C;KIFC1;TTK;SYTL3;EZH2;CDCA2;GINS4;CDKN2A;C9orf43;MCM10;ZWINT;PBLD;KIF11;HELLS;MKI67;CCDC34;PAX6;DDIAS;RAD51AP1;TROAP;CBX5;CIT;DIAPH3;CCNB2;PCLAF;PIF1;KIF23;TICRR;KIF22;CRNDE;AURKB;MGC12916;HOXB13;BIRC5;MIR924HG;WDR62;TPX2;GTSE1;KIF4A;ERCC6L,Tumor3;Tumor6;Tumor7;Tumor8;Tumor12;Tumor13;Tumor16;Tumor18,59,8
43,ARHGEF16;SPOCD1;ORC1;ZNF687-AS1;CKS1B;NECTIN4;OLFML2B;INAVA;SLC26A9-AS1;RAB7B;SDC1;GTF2A1L;IL1R2;TMEM163;IGFBP5;ECEL1;MCM2;105374129;ZIC4;GPR87;TMED11P;PGCKA1;HMGB2;CENPU;THBS4;TFAP2A-AS1;GMNN;LOC102724765;FBXO5;LOC105375610;CTSB;PI15;SLURP2;FAM83H;ENHO;FAM95C;ANKRD18A;FAM201A;RASEF;LINC02656;PRLHR;GALNT18;LINC02724;DGAT2;CACNA2D4;C1QL4;KRT71;GPR12;PCDH8;LOC105370705;CMTM5;MAP3K9-DT;BATF;TMEM179;CDCA4;LINC00221;LOC105371050;LOC101927272;TRPV2;LOC105371737;101060400;JPT1;ALYREF;TYMS;MIR924HG;CYP4F2;DHDH;KLK3;KLK5;KLK7;RASSF2;RIPPLY3;EP300-AS1;RANGAP1;SYTL4;TAF7L;HMGB3;CSAG1,Tumor10;Tumor11;Tumor12;Tumor14;Tumor16;Tumor18,78,6
44,E2F2;CDCA8;STIL;FAM72B;FAM72D;IQGAP3;ASPM;KIF14;FAM72A;NEK2;BUB1;CKAP2L;POLQ;TRIM59;CAMK2N2;TACC3;LOC112268460;NSD2;NCAPG;SAP30;NEIL3;CDC25C;HMMR;MCM10;CEP55;E2F8;DDX11-AS1;CDK2;E2F7;GPR183;LOC100288637;ARHGAP11A;KNL1;CEP152;BLM;PRC1;PRC1-AS1;CCNF;PAQR4;PLK1;GINS2;AURKB;HROB;KIF18B;WDR62;GINS1;DSN1;FAM83D;UBE2C;AURKA;CENPI,Tumor2;Tumor3;Tumor6;Tumor9;Tumor12;Tumor13;Tumor14;Tumor16;Tumor18,51,9
45,FOXD2-AS1;FAM72B;CENPL;DARS2;ASPM;KIF14;FAM72A;NEK2;CENPF;CCSAP;NCAPH;NT5DC4;TMEM163;SGO2;TRAIP;POC1A;SMC4;ECT2;CAMK2N2;NCAPG;MAD2L1;FST;GPRIN1;LOC100294145;SUGCT;LUARIS;MYBL1;MIR31HG;IFNE;C9orf40;CKS2;ZNF367;INCENP;DENND5B;E2F7;TMPO-AS1;BRI3BP;CKAP2;CDKN3;ANKRD9;ARHGAP11A;BUB1B;KNL1;KIF23;FANCI;CRNDE;IRX5;TOP2A;PRR11;BRIP1;RNF157;LMNB2;ZSWIM4;E2F1;FAM83D;UBE2C;CHAF1B,Tumor1;Tumor5;Tumor6;Tumor12;Tumor13;Tumor14;Tumor15;Tumor18,57,8
46,FOXD2-AS1;PSRC1;FAM72B;UCK2;CENPL;UBE2T;LOC107985259;NEK2;CENPF;CCSAP;RRM2;CENPA;NT5DC4;MCM6;RAD18;NUP210;SGO1-AS1;CDC25A;TRAIP;LOC107986126;SMC4;ECT2;NCAPG;CCNA2;DEPDC1B;TCF19;ULBP1;CDCA7L;EZH2;CDCA2;ANKRD18A;LHX2;KIF18A;FAM111B;DDIAS;GAS2L3;BRI3BP;SKA3;CDKN3;ARHGAP11A;CCNB2;PCLAF;KIF23;FANCI;IRX5;LOC107985017;TOP2A;HOXB13;SKA2;RNF157;LMNB2;CHAF1A;ZSWIM4;WDR62;RIBC2;CENPI,Tumor1;Tumor5;Tumor6;Tumor8;Tumor13;Tumor14;Tumor16;Tumor18,56,8
47,ARHGEF16;C1QC;FOXD3-AS1;GFI1;NBPF6;PLEKHO1;CKS1B;LOC102723834;GAREM2;SLC20A1;DBI;HOXD13;STK17B;SNED1;ITGA9;CCR1;ARHGEF3;SUCNR1;NMU;FGF5;OTULINL;SLC1A3;LUCAT1;C5orf46;KIF4B;HAVCR2;IL12B;RUNX2-AS1;TUBE1;LINC02541;TMEM244;C1GALT1;LINC03016;RPA3;HOXA10;JAZF1-AS1;DLX6;MSR1;STMN2;ATP6V0D2;HAS2-AS1;FAM201A;ST8SIA6;LOC105378305;SVIP;CCDC34;FEN1;ASRGL1;ANO1;OLR1;LOC107984475;BMAL2;KRT71;PRIM1;SDS;FLRT2-AS1;RYR3;RAD51;C15orf48;MIR147B;SLC27A2;MCTP2;LOC105371737;LINC00673;CYP4F2;HAUS8;RASSF2;MMP9;SLC12A5-AS1;SALL4;LINC01426;LOC107985513;FRGCA;CSAG2,Tumor2;Tumor5;Tumor11;Tumor13;Tumor14;Tumor18,74,6
48,PLCH2;FHAD1;H2BC20P;ADAMTS4;NAV1;HLX;LEFTY2;SOX11;SPC25;DOCK10;CELSR3;POC1A;ADAMTS9-AS1;KBTBD12;ZIC1;LINC03109;PGCKA1;LINC02475;LRRC14B;TRIP13;THBS4;CDC25C;PTTG1;SPDL1;CDHR2;H3C3;C6orf141;112267972;STEAP1B;PCLO;EIF4EBP1;FUT7;TUBB4B;KCNMA1;FFAR4;IGF2;INS-IGF2;CCDC34;GLYATL2;PGR;CHEK1;107987375;RERG;DDN;CBX5;LOC101929657;PCK2;COCH;LOC100506071;TEDC1;CCNF;RMI2;IRX5;GINS2;CDT1;AURKB;TOP3A;LINC00671;PRR11;TK1;107985050;BIRC5;PEG3;PEG3-AS1;SLC12A5-AS1;LOC107985436;WWC3;SUV39H1;EDA2R;ZNF185,Tumor2;Tumor3;Tumor4;Tumor7;Tumor9;Tumor14,70,6
49,LAPTM5;CD84;CLHC1;LINC01122;LINC01943;LINC01106;MIR4435-2HG;SOCAR;IL1RN;CCRL2;PRKCD;LOC105377123;CSTA;ZIC1;LOC100506253;ANXA2R;SLC6A7;HAVCR2;MICB;PSMB9;NFKBIE;REV3L;LINC02541;STEAP1B;UPP1;DOK2;LOC105379362;LOC107986951;DCSTAMP;SLA;FFAR4;PKD2L1;CTSD;ADM;UNC93B1;CASP1;SLC37A2;ST14;CD4;LOC100240735;LINC00944;PCK2;SPINT1;C15orf48;MIR147B;ITGAX;CD68;CD300A;CD300LF;UBALD2;APOC4-APOC2;APOC2;LOC101928517;OSCAR;MMP9;SLC12A5-AS1;CD40;MIR155HG;CLDN14;RAC2,Tumor4;Tumor7;Tumor8;Tumor12;Tumor13;Tumor15;Tumor18,60,7
50,E2F2;IQGAP3;FAM72A;NEK2;NCAPH;BUB1;NT5DC4;SPC25;SGO2;SGO1-AS1;TRAIP;POLQ;LCORL;CCNA2;CCNB1;DHFR;KIF20A;TCF19;KIFC1;NCAPG2;CDCA2;PBK;MCM4;MELK;KIF20B;CEP55;RACGAP1;SKA3;DIAPH3;CDKN3;PCLAF;SHCBP1;HASPIN;SPAG5;SKA1;UHRF1;WDR62;GINS1;TPX2;UBE2C;CDC45;APOBEC3B;GTSE1;LOC105373150;KIF4A;ERCC6L,Tumor2;Tumor3;Tumor4;Tumor5;Tumor11;Tumor12;Tumor13;Tumor15;Tumor18,46,9
51,CDCA8;FAM72B;FAM72D;FAM72A;DTL;CENPA;SGO2;CEP15;SMC4;DGKG;TACC3;NCAPG;CCNA2;KIF20A;PTTG1;CDCA2;ZNF367;C9orf43;CDK1;E2F8;CDK2;TMPO-AS1;CKAP2;ARHGAP11B;LOC100288637;ARHGAP11A;BUB1B;KNL1;NUSAP1;WDR76;FANCI;PRC1;PRC1-AS1;CCNF;PAQR4;RMI2;ORC6;RDM1;TOP2A;SKA2;BRIP1;ASF1B;WDR62;DSN1;UBE2C;AURKA,Tumor3;Tumor4;Tumor6;Tumor7;Tumor9;Tumor10;Tumor11;Tumor13;Tumor18,46,9
52,CDCA8;CDC20;KIF2C;SNORD160;FOXD2-AS1;DEPDC1;LPAR3;H2BC20P;UCK2;ASPM;UBE2T;RRM2;CENPA;NT5DC4;SGO2;HJURP;CDC25A;POC1A;CENPE;MAD2L1;CEP72;DEPDC1B;SLF1;LMNB1;CDC25C;HMMR;H3C2;H3C3;H2BC9;H2AC13;H2AC16;KEL;CASP2;EZH2;XKR5;TPD52;TBC1D31;MCM10;KIF11;KIF18A;TIGD3;LOC105369458;CCDC15;BMAL2-AS1;CBX5;TIMELESS;TMPO-AS1;GAS2L3;PARPBP;CIT;NIPA1;MKRN3;KIF23;FANCI;SHCBP1;ORC6;CRNDE;LOC107985017;AURKB;MGC12916;PRR11;TK1;BIRC5;UHRF1;GMIP;ZNF850;MIMT1;FAM83D,Tumor2;Tumor3;Tumor8;Tumor13;Tumor15;Tumor18,68,6
53,PLA2G2D;C1QB;CD52;MCOLN2;CD2;CTSS;SLAMF8;CD48;SLAMF7;ARHGAP30;PTPRC;LINC01871;SMANTIS;101928152;LINC01857;SP140;PDCD1;CXCR6;CD96;GPR171;CD38;IL7R;GZMA;HAVCR2;DOCK2;SLA;PDCD1LG2;ANKRD22;CD6;CD5;CTSW;CRTAM;CD4;LGMN;EVI2B;CCR7;LILRA5;SIRPG;KLHDC7B-DT;IL2RG;CXCR3;P2RY10;SH2D1A,Tumor1;Tumor3;Tumor5;Tumor7;Tumor8;Tumor10;Tumor12;Tumor13;Tumor16,43,9
54,MAD2L2;HTR1D;E2F2;AK5;HDGF;NECTIN4;FMO3;LINC02257;ATP6V1B1-AS1;LINC01943;TFCP2L1;HOXD13;PFKFB4;PRKCD;PLXNA1;AFAP1-AS1;BMP3;ASB5;MAST4;CDHR2;TFAP2A-AS1;KIFC1;ULBP2;UPP1;EIF4EBP1;ZFHX4-AS1;LOC105376161;DENND2B-AS1;FOLR1;DDX12P;TMEM52B;KRT71;THRIL;KIF22;IRX5;CDT1;PIMREG;BRCA1;PRAC2;MIR3185;HOXB13;TK1;CYP4F2;APOC4-APOC2;APOC2;LOC101928517;LOC107985492;PRAME;LOC102723305;PNPLA3;FANCB;LOC105373150;ERCC6L,Tumor2;Tumor4;Tumor5;Tumor6;Tumor12;Tumor13;Tumor18,53,7
55,LAPTM5;DENND2D;CD48;CD8A;CD8B;EOMES;CCR5;GPR171;KLHL6;TMEM156;CD180;ITK;DOCK2;MYO1G;SIT1;FAM78A;CD5;TBC1D10C;CD3D;TNFSF13B;IGSF6;IL21R-AS1;SPN;CORO1A;ITGAL;EVI2B;CCL5;CD300LF;IL12RB1;SIGLEC10;OSCAR;LILRA6;SAMSN1;CLDN14;UBASH3A;ITGB2;APOBEC3H;IL2RG;GPR174;SASH3,Tumor1;Tumor2;Tumor5;Tumor7;Tumor8;Tumor10;Tumor13;Tumor14;Tumor16,40,9
56,RAB42;NBPF6;GPR61;H3-7;UAP1;ATP2B4;SLC26A9;LEFTY2;TFCP2L1;STK17B;FTCDNL1;NYAP2;KBTBD8;107986257;AFAP1-AS1;BST1;OTULINL;SLF1;PITX1;HMMR-AS1;TENM2;107986517;LOC105374986;PTCHD4;LOC107986675;SKAP2;SFRP1;112268056;LOC105376369;KIF20B;HELLS;BBOX1-AS1;KIF18A;GLYATL1;INHBE;LGR5;CRADD-AS1;TNFAIP2;MKRN3;REXO5;HASPIN;FMNL1-AS1;UHRF1;CYP4F2;WDR88;PLAUR;EYA2-AS1;RANBP1;ANOS1;LOC105373150,Tumor1;Tumor5;Tumor6;Tumor7;Tumor9;Tumor12;Tumor13,50,7
57,TMEM51;LAPTM5;HIVEP3;VCAM1;ADORA3;PTPN22;CD84;HSPA6;RGS16;LINC01943;RFX8;STK17B;HECW2-AS1;ARL4C;ASB5;PDE8B;EDIL3-DT;TREM1;AIG1;C1GALT1;IGF2BP3;CLEC5A;MSR1;LOC107986951;LOC105376369;ADAM8;HTATIP2;MMP12;SLC37A2;IL21R;IL21R-AS1;FOXL1;CD68;APOC4-APOC2;APOC2;EML2-AS1;GIPR;SIGLEC9;SIGLEC7;LOC101928517;PELATON;GPC3,Tumor1;Tumor2;Tumor4;Tumor7;Tumor10;Tumor12;Tumor16;Tumor18,42,8
58,TNFRSF18;C1QC;PTPN22;CD2;SLAMF8;CD48;ARHGAP30;PTPRC;CD8B;SP140;CXCR6;CCR5;CD38;DOCK2;ETV7;CALHM6;THEMIS;TFEC;SIT1;ANKRD22;CTSD;CD5;CD3D;CRTAM;TNFSF13B;SPN;ITGAL;EVI2B;CCL5;ZBP1;SAMSN1;UBASH3A;IL2RG;P2RY10;GPR174;SH2D1A;SASH3,Tumor3;Tumor5;Tumor6;Tumor7;Tumor8;Tumor9;Tumor12;Tumor14;Tumor18,37,9
59,MAD2L2;CDCA8;CDC20;H2BC20P;RAB7B;LINC01123;LINC01106;SGO2;TACC3;LINC02475;DEPDC1B;CCNB1;LMNB1;CDC25C;SPDL1;LOC105374986;CRYBG1;GPR22;CDCA2;RECQL4;OBP2A;SAPCD2;MCM10;ZWINT;CEP55;CCDC34;CDCA5;LOC105369458;CDCA3;DENND5B;CBX5;TMPO-AS1;CRYL1;PLEK2;CCNF;SHCBP1;CRNDE;WDR62;AURKA;POLA1;ERCC6L,Tumor1;Tumor2;Tumor7;Tumor9;Tumor10;Tumor12;Tumor13;Tumor18,41,8
60,DRAXIN;FAM72B;FAM72D;UBE2T;LINC01122;NUP210;SGO1;GRM2;CEP15;SMC4;TACC3;PTTG1;ULBP1;EPO;EZH2;CDKN2B-AS1;CDKN2B;FAM95C;ANKRD18A;ZNF367;FAM111B;TMPO-AS1;GAS2L3;LOC100288637;WDR76;CCNB2;CCNF;PAQR4;RMI2;CRNDE;IRX5;RDM1;TOP2A;ASF1B;WDR62;AURKA,Tumor2;Tumor6;Tumor9;Tumor10;Tumor11;Tumor13;Tumor14;Tumor16;Tumor18,36,9
61,E2F2;CLSPN;CDCA8;CDC20;GEN1;RFX8;BUB1;SGO1-AS1;KIF15;CCNB1;DHFR;KIF20A;SPDL1;OR2B6;KIFC1;MTFR2;XRCC2;PHF19;SAPCD2;TUBB4B;ZWINT;MKI67;CCDC34;NCAPD2;TROAP;RACGAP1;CBX5;TMPO-AS1;CIT;OIP5;RMI2;GINS3;CENPN;CDT1;AURKB;TPX2;AURKA;GTSE1;KIF4A;ERCC6L,Tumor1;Tumor3;Tumor5;Tumor7;Tumor10;Tumor12;Tumor13;Tumor15,40,8
62,C1QB;LAPTM5;GFI1;CD48;TRAF3IP3;CD8A;LINC01943;SOCAR;DBI;CTLA4;LINC01857;PDCD1;TNIP3;CD180;SYTL3;PILRA;MSR1;CTHRC1;LIPM;UCP2;CASP1;CD3E;CRTAM;GPR84;GPR176;IGSF6;OTOAP1;LINC02195;CD300LF;UBALD2;GMIP;IGFLR1;EML2-AS1;FPR3;SAMSN1;MIR155HG;CLDN14;SASH3,Tumor3;Tumor5;Tumor7;Tumor9;Tumor11;Tumor12;Tumor14;Tumor18,38,8
63,C1QC;LCK;DENND2D;CD2;SLAMF8;CD48;SLAMF7;CD8B;EOMES;CCR5;TMEM156;IL7R;ETV7;CALHM6;THEMIS;SIT1;CD5;TBC1D10C;CD3D;SPN;ITGAL;CCL5;IL12RB1;ZBP1;UBASH3A;APOBEC3G;IL2RG;P2RY10;GPR174;SH2D1A,Tumor5;Tumor6;Tumor7;Tumor8;Tumor11;Tumor12;Tumor13;Tumor14;Tumor16;Tumor18,30,10
64,FOXD2-AS1;LEFTY2;RRM2;SGO1-AS1;KIF15;CDC25A;MAD2L1;CCNA2;CEP72;DEPDC1B;GMNN;H2BC9;H3C8;TTK;TUBE1;MTFR2;RAET1K;KEL;NEFL;XKR9;HAS2;LNCOC1;FANCG;SAPCD2;INCENP;DDIAS;H2AX;CDCA3;GAS2L3;THRIL;NIPA1;CEP152;CCNB2;PCLAF;ZWILCH;KIF23;SRL;CENPN-AS1;AURKB;MIR924HG;UHRF1,Tumor1;Tumor3;Tumor8;Tumor11;Tumor12;Tumor13;Tumor18,41,7
65,DENND2D;SLAMF8;SLAMF7;PTPRC;LINC01871;CYTIP;SP140;PDCD1;TRAT1;CD96;GPR171;CD38;JCHAIN;IL7R;TAP1;ANKRD22;CD6;CD5;CTSW;LINC00539;BCL2A1;IL21R-AS1;CORO1A;IL12RB1;ZBP1;IL2RG;CXCR3;GPR174,Tumor2;Tumor5;Tumor6;Tumor7;Tumor8;Tumor11;Tumor12;Tumor13;Tumor16;Tumor18,28,10
66,KCNAB2;DCLRE1B;H3-7;ANP32E;UAP1;NUF2;FANCD2;TRIM59;NSD2;PI4K2B;ZGRF1;PLK4;MND1;NEIL3;DHFR;LUCAT1;E2F3;MMS22L;CDCA7L;ANLN;MYBL1;ATAD2;RMI1;CEP55;HELLS;107987172;TROAP;CDK2;LOC105370047;TFDP1;BUB1B-PAK6;KIF23;BRCA1;KIF18B;CHAF1A;DNMT1;HAUS8;USHBP1;DSN1;WWC3,Tumor2;Tumor3;Tumor4;Tumor8;Tumor10;Tumor13;Tumor14,40,7
67,CD58;SRGAP2B;LEFTY2;GEN1;TNFAIP6;EDEM1;PARP14;WFS1;PDE8B;ISOC1;ADAMTS19;ZFP2;RUNX2;CGAS;ZDHHC14;105378077;HOXA11;INMT-MINDY4;MINDY4;DNA2;TACR2;103344718;IGF2;INS-IGF2;BBOX1-AS1;PGR;E2F7;RFC3;NDRG2;RYR3;CEP152;SRL;IGFBP4;HIGD1B;UHRF1;APLP1;LOC105379504;FANCB,Tumor1;Tumor3;Tumor7;Tumor10;Tumor13;Tumor16;Tumor18,38,7
68,TAL1;ORC1;SLAMF8;MIR4260;IL1R2;LY75;DLX1;BARD1;PDCD1;FANCD2;TMEM156;MND1;LOC100294145;LOC105375027;ULBP1;RPA3;RASGEF1A;LIPM;ANKRD22;LDHA;BATF2;DDIAS;SLC37A2;CACNA2D4;CD4;PARPBP;PMCH;THRIL;LINC00539;SLC7A7;BATF;LOC105370953;FMNL1-AS1;IGF2BP1;BIRC5;ALYREF;DNMT1;MAP4K1;SIGLEC9;MTFP1;CXCR3;HMGB3,Tumor6;Tumor8;Tumor10;Tumor14;Tumor16;Tumor18,42,6
69,C1QB;RUNX3;PTAFR;LAPTM5;FOXD3-AS1;S100A9;SLAMF8;LINC01943;CCRL2;CD86;HAVCR2;SYTL3;PILRA;MSR1;UCP2;CASP1;GPR84;SLC7A7;ISM2;CD300LF;IFI30;GMIP;IGFLR1;SIGLEC7;LILRB4;PELATON;CTSZ,Tumor1;Tumor2;Tumor4;Tumor5;Tumor7;Tumor11;Tumor14;Tumor16;Tumor18,27,9
70,TNFRSF18;GFI1;PTPN22;CD84;NECTIN4;CCSAP;LINC01943;101928152;SLC20A1;TFCP2L1;IGF2BP3;SUGCT;ADAMDEC1;LIPM;HTATIP2;SDS;PLEK2;KCNK13;ATP10A;GPR176;ISL2;OTOAP1;LINC02195;EVI2B;APOC4-APOC2;APOC2;SIGLEC9;SIGLEC7;FPR3;CTSZ,Tumor1;Tumor3;Tumor7;Tumor9;Tumor11;Tumor13;Tumor14;Tumor18,30,8
71,CLSPN;FAM72B;FAM72D;FAM72A;NEK2;RRM2;CYP26B1;NCAPH;BUB1;ZGRF1;MAD2L1;PLK4;MND1;SLF1;MELK;KIF11;THRIL;SPAG5;TYMS;SPC24;ZNF850;MCM8;DSN1;CDC45;ERCC6L,Tumor2;Tumor3;Tumor8;Tumor9;Tumor11;Tumor13;Tumor14;Tumor16;Tumor18,25,9
72,TNFRSF18;C1QC;C1QB;LCK;MCOLN2;CD2;CD48;ARHGAP30;PTPRC;CD38;HAVCR2;DOCK2;THEMIS;ANKRD22;CD5;CRTAM;EVI2B;SIGLEC7;FPR3;SAMSN1;ITGB2;IL2RG;P2RY10;GPR174;SH2D1A,Tumor2;Tumor3;Tumor5;Tumor6;Tumor7;Tumor8;Tumor12;Tumor13;Tumor14,25,9
73,IFI44;CGN;S100A3;IRF6;LINC01943;STK17B;ITGA9;NT5DC2;GXYLT2;COL8A1;LINC03109;PTX3;NDST3;UBE2QL1;ZFP2;RUNX2;CRYBG1;PCOLCE;105375560;MSR1;ATP6V0D2;LOC105369147;ST8SIA6;BMAL2-AS1;GALNT6;LOC107984551;MZT1;NKD1;CD68;MGC12916;EVI2A;CLDN14-AS1,Tumor1;Tumor2;Tumor3;Tumor6;Tumor11;Tumor14;Tumor15,32,7
74,CD52;CD2;SLAMF7;LINC01871;CYTIP;CCR5;CD96;KLHL6;GZMA;CALHM6;THEMIS;CTSW;TBC1D10C;CD3D;SPN;ITGAL;CCL5;IFI30;ZBP1;UBASH3A;IL2RG;GPR174,Tumor2;Tumor5;Tumor7;Tumor8;Tumor9;Tumor11;Tumor12;Tumor13;Tumor16;Tumor18,22,10
75,PLEKHN1;CRYBG2;ZNF683;HOOK1;FCGR3B;RGS16;LAMC2;MIR4260;DTNB-AS1;IL1RN;CXCR6;ANTXR2;MTFR2;LOC105375172;NFE2L3;LGI3;CIMIP2A;LINC00595;MIR675;BIRC3;HOXC8;LOC105370337;IL21R-AS1;TNFSF14;PODNL1;CYP2S1;EYA2-AS1;AIFM3;HMOX1;APOL1;LOC101927344,Tumor3;Tumor10;Tumor11;Tumor13;Tumor14;Tumor15;Tumor18,31,7
76,CENPL;SPC25;CEP15;105374129;GMNC;TMED11P;SCFD2-AS1;CRISP2;HMGCLL1;GPR22;LOC107986750;SFTPC;PBK;LINC02944;PRLHR;DENND2B-AS1;GALNT18;SAXO4;GALNT9-AS1;GPR12;PCDH8;ZIC2;FOXG1;LINC01551;LOC105371737;CYP4F2;KLK3;KLK5;KLK7;AGTR2,Tumor2;Tumor4;Tumor9;Tumor11;Tumor12;Tumor14;Tumor15,30,7
77,UBE2T;BCL2L11;SPC25;SGO1;SGO1-AS1;TACC3;LOC112268460;KIFC1;CDCA2;PBK;MKI67;FOXM1;TROAP;RACGAP1;CIT;ARHGAP11B;CCNF;KIF22;107985297;TPX2;GTSE1,Tumor1;Tumor3;Tumor4;Tumor10;Tumor11;Tumor12;Tumor13;Tumor16;Tumor18,21,9
78,C1QC;C1QB;ARHGAP30;TRAF3IP3;IL7R;DOCK2;TFEC;APBB1IP;LIPM;CD4;BATF;IGSF6;EVI2B;IL12RB1;FPR3;SAMSN1;ITGB2;SH2D1A,Tumor2;Tumor3;Tumor5;Tumor6;Tumor7;Tumor8;Tumor11;Tumor12;Tumor15;Tumor18,18,10
79,GNB1-DT;ST6GALNAC5;COL11A1;H3C14;LOC101928202;HK2;IL1RN;MARCO;ITGA6-AS1;SNHG31;BANK1;EDNRA;TFAP2A;PKIB;SH2D4A;CTHRC1;MKX;PBLD;SEC31B;RRM1;LRRC55;PAX9;RHOJ;ZWILCH;ISG20;SYNGR3;HS3ST3B1;HOXB4;TYMSOS;LPIN2;ARHGAP28;GIPC3;FAM110A;ANOS1;NXT2,Tumor1;Tumor8;Tumor13;Tumor14;Tumor18,35,5
80,LAPTM5;CD48;CYTIP;EOMES;CCR5;TNIP3;CALHM6;CTHRC1;SIT1;CD3D;CRTAM;ITGAL;CCL5;CD300A;SAMSN1;CLDN14;UBASH3A;ITGB2;SASH3,Tumor3;Tumor5;Tumor6;Tumor7;Tumor8;Tumor9;Tumor10;Tumor12;Tumor13,19,9
81,LAPTM5;GBP5;GFI1;NPL;CD96;KLHL6;PSMB9;THEMIS;LINC01615;CD6;CD5;TBC1D10C;SPN;SIGLEC9;IL2RB;APOBEC3H;NFAM1;IL2RG;GPR174,Tumor1;Tumor2;Tumor3;Tumor6;Tumor7;Tumor8;Tumor9;Tumor13;Tumor16,19,9
82,DEPDC1-AS1;LINC01122;101928152;PLSCR2;C5orf46;TREM1;LUARIS;MIR31HG;GARNL3;CDK1;HTATIP2;HOXC11;ATP10A;CEP152;PIF1;OTOAP1;BRIP1;CCNE1;PFKFB1;CENPI,Tumor1;Tumor2;Tumor6;Tumor7;Tumor9;Tumor13;Tumor16;Tumor18,20,8
83,FAM72B;FAM72D;CENPL;FAM72A;CKAP2L;NCAPG;ANLN;CDK1;CDK2;LOC100288637;ARHGAP11A;PRC1;PRC1-AS1;TOP2A,Tumor2;Tumor3;Tumor4;Tumor6;Tumor7;Tumor9;Tumor11;Tumor12;Tumor13;Tumor16;Tumor18,14,11
84,TNFRSF18;SLAMF7;CXCR6;CCR5;CD96;ZBED2;CD38;THEMIS;PDCD1LG2;SIT1;CD5;OASL;TNFSF13B;LINC02195;CCL5;BST2;IL2RG,Tumor1;Tumor3;Tumor5;Tumor6;Tumor7;Tumor8;Tumor9;Tumor12;Tumor15,17,9
85,FOXD2-AS1;RGS16;SGO1-AS1;DEPDC1B;H3C3;TTK;LOC105375894;SAPCD2;CHEK1;HOXC9;SCAT2;PIF1;ISL2;ABCA7;LMNB2;UHRF1;CENPM,Tumor1;Tumor2;Tumor3;Tumor8;Tumor11;Tumor13;Tumor14;Tumor15;Tumor18,17,9
86,CDCA8;ORC1;ADAMTS4;NCAPG;ZGRF1;C4orf46;SLF1;LMNB1;HMMR;H3C2;SMC2;MKI67;CBX5;CDK2;DLGAP5;FANCI;PRC1-AS1;107985050;UBE2C,Tumor1;Tumor2;Tumor3;Tumor11;Tumor12;Tumor13;Tumor15;Tumor16,19,8
87,EZH2;RECQL4;CDCA5;H2AX;CHEK1;ACYP1;SPAG5;SKA1;MCM8;GINS1;LOC107985492;CDC45;SERPIND1;CENPM,Tumor1;Tumor3;Tumor4;Tumor7;Tumor8;Tumor10;Tumor12;Tumor13;Tumor15;Tumor18,14,10
88,RPS6KA1;ADORA3;CD84;SLC20A1;TFCP2L1;CD86;CSTA;SOX2;LOC107986951;CASP1;PCK2;IL21R-AS1;IFI30;LOC101928517;FPR3;LILRB4;MIR155HG,Tumor1;Tumor5;Tumor6;Tumor8;Tumor9;Tumor11;Tumor12;Tumor18,17,8
89,MCOLN2;PTPN22;CD2;CTSS;SLAMF8;SLAMF7;PTPRC;CD8B;LY75;LINC00539;P2RY10,Tumor1;Tumor2;Tumor3;Tumor5;Tumor6;Tumor7;Tumor8;Tumor10;Tumor12;Tumor15;Tumor16;Tumor18,11,12
90,C1QC;LCK;CD2;TRAF3IP3;CD8A;SIT1;CD3E;CD3D;ITGAL;LINC02968,Tumor1;Tumor2;Tumor3;Tumor5;Tumor6;Tumor7;Tumor8;Tumor9;Tumor11;Tumor12;Tumor13;Tumor16;Tumor18,10,13
91,CENPL;NEK2;FLNB-AS1;NEIL3;CENPK;TTK;MELK;FAM111B;CDCA5;RAD51AP1;BRCA2;HS3ST2;LMNB2;RBL1;CDC45;MIR503HG,Tumor2;Tumor3;Tumor6;Tumor7;Tumor13;Tumor14;Tumor16;Tumor18,16,8
92,CENPE;ZGRF1;DEPDC1B;LMNB1;CDC25C;MELK;ZWINT;INCENP;MGC12916;LMNB2;ERCC6L,Tumor1;Tumor3;Tumor4;Tumor5;Tumor6;Tumor8;Tumor9;Tumor12;Tumor13;Tumor15;Tumor18,11,11
93,DENND2D;TRAF3IP3;CXCR6;CD96;TMEM156;LOC102724765;ANO9;CD5;ZBP1;IL2RG;CXCR3,Tumor1;Tumor5;Tumor6;Tumor7;Tumor8;Tumor9;Tumor11;Tumor12;Tumor13;Tumor15;Tumor16,11,11
94,TMED11P;HMGCLL1;PRLHR;PCDH8;LOC105371737;KLK3;KLK5;KLK7,Tumor1;Tumor2;Tumor3;Tumor4;Tumor6;Tumor7;Tumor8;Tumor9;Tumor10;Tumor11;Tumor12;Tumor13;Tumor14;Tumor15;Tumor16,8,15
95,ZC3H12A;DIRAS3;CCDC18;SRGAP2B;RUSC1;IQGAP3;GEN1;NOSTRIN;SCARNA5;SLC22A11;RXFP2;HIGD1B;KLK3;ADM2;MIOX,Tumor3;Tumor4;Tumor9;Tumor10;Tumor11;Tumor13;Tumor14;Tumor18,15,8
96,C1QB;PTAFR;LAPTM5;ECM1;LINC01943;BFSP2;PKIB;DOK2;FOSL1;GALNT6;LOC107984551;CD300A;ODAD1;CLDN14;TYMP,Tumor3;Tumor5;Tumor7;Tumor10;Tumor11;Tumor14;Tumor15;Tumor16,15,8
97,PRLHR;SLC22A11;KRT71;LINC02370;LINC02287;LOC147004;KLK3;LOC101929707,Tumor1;Tumor3;Tumor4;Tumor5;Tumor6;Tumor7;Tumor8;Tumor9;Tumor10;Tumor11;Tumor12;Tumor14;Tumor15;Tumor18,8,14
98,GBP5;CTSS;SP140;IL7R;CD180;HAVCR2;PSMB9;MYO1G;MIR4477B;CD6;CD68;ITGB2;P2RY10;SH2D1A,Tumor1;Tumor2;Tumor6;Tumor7;Tumor8;Tumor10;Tumor11;Tumor12,14,8
99,ORC1;HSPA6;SLC20A1;RPA3;PHLDA2;SLC43A3;TUBA1B;LTK;CDT1;HOXB7;PRR11;TK1;SLC16A3;RBL1,Tumor3;Tumor4;Tumor5;Tumor6;Tumor7;Tumor13;Tumor15;Tumor16,14,8
100,FAM72D;ASPM;KIF14;SMC4;LOC112268460;MYBL1;CKAP2;CDKN3;KNL1;NUSAP1;BRIP1,Tumor1;Tumor3;Tumor6;Tumor8;Tumor9;Tumor10;Tumor12;Tumor13;Tumor16;Tumor18,11,10
