GEN1,GEN2
BRCA2,TOP2A
BRCA2,STIL
BRCA2,ZNF367
BRCA2,FAM72D
BRCA2,HMMR-AS1
BRCA2,DEPDC1-AS1
BRCA2,RN7SL2
BRCA2,PLK4
BRCA2,FAM83D
BRCA2,GPR61
BRCA2,CENPE
BRCA2,PRC1
BRCA2,CCND2
BRCA2,PBK
BRCA2,NCAPG2
BRCA2,FANCD2OS
BRCA2,KIF18B
BRCA2,NUF2
BRCA2,RNU2-1
BRCA2,NSD2
BRCA2,BDKRB1
BRCA2,NEIL3
BRCA2,ESCO2
BRCA2,ANLN
BRCA2,NCAPG
BRCA2,LOC105378179
BRCA2,TRIM59
BRCA2,PITX1
BRCA2,CDCA8
BRCA2,IQGAP3
BRCA2,MYBL1
BRCA2,ATAD2
BRCA2,ARHGAP11B
BRCA2,AKR1C2
BRCA2,CDK1
BRCA2,HMGB2
BRCA2,CENPH
BRCA2,CENPK
BRCA2,PRC1-AS1
BRCA2,CDKN2B-AS1
BRCA2,SLC7A5
BRCA2,HASPIN
BRCA2,POLQ
BRCA2,LOC100288637
BRCA2,CLGN
TOP2A,BUB1
TOP2A,STIL
TOP2A,BUB1B-PAK6
TOP2A,SKA1
TOP2A,PBK
BUB1B-PAK6,KIF4A
BUB1B-PAK6,CDKN2B-AS1
BUB1B-PAK6,GTSE1
BUB1B-PAK6,KCNMB2
BUB1B-PAK6,OIP5
BUB1B-PAK6,DEPDC1B
BUB1B-PAK6,ASF1B
BUB1B-PAK6,FAM72C
BUB1B-PAK6,LCORL
BUB1B-PAK6,KIF20A
BUB1B-PAK6,NEK2
BUB1B-PAK6,LOC105370705
BUB1B-PAK6,FOXE3
BUB1B-PAK6,PRC1
BUB1B-PAK6,ANLN
BUB1B-PAK6,CCND2
BUB1B-PAK6,RDM1
BUB1B-PAK6,NCAPG
BUB1B-PAK6,CAMK2N2
BUB1B-PAK6,NUSAP1
BUB1B-PAK6,GAS2L3
BUB1B-PAK6,NCAPG2
BUB1B-PAK6,CDKN3
BUB1B-PAK6,CDCA8
BUB1B-PAK6,PMAIP1
BUB1B-PAK6,ATAD2
BUB1B-PAK6,FAM72B
BUB1B-PAK6,NUF2
BUB1B-PAK6,CKAP2L
BUB1B-PAK6,KIF18B
BUB1B-PAK6,WDR62
BUB1B-PAK6,NSD2
BUB1B-PAK6,SACS-AS1
BUB1B-PAK6,TPX2
BUB1B-PAK6,EP300-AS1
BUB1B-PAK6,NEIL3
BUB1B-PAK6,BUB1B
BUB1B-PAK6,E2F8
BUB1B-PAK6,TTK
BUB1B-PAK6,ARHGAP11A
BUB1B-PAK6,WDR76
BUB1B-PAK6,SYT4
BUB1B-PAK6,TCF19
BUB1B-PAK6,KIF15
BUB1B-PAK6,CENPF
BUB1B-PAK6,F2RL2
BUB1B-PAK6,ZNF367
BUB1B-PAK6,EZH2
BUB1B-PAK6,FAM72D
BUB1B-PAK6,RAD51AP1
BUB1B-PAK6,ENHO
BUB1B-PAK6,PAQR4
BUB1B-PAK6,IQGAP3
BUB1B-PAK6,CDKN2A-AS1
BUB1B-PAK6,ARHGAP11B
BUB1B-PAK6,CDK1
BUB1B-PAK6,HMGB2
BUB1B-PAK6,CENPK
BUB1B-PAK6,PRRG4
BUB1B-PAK6,PRC1-AS1
BUB1B-PAK6,SOCS2-AS1
BUB1B-PAK6,FAM72A
BUB1B-PAK6,FANCD2
BUB1B-PAK6,CLSPN
BUB1B-PAK6,DCST1-AS1
BUB1B-PAK6,IL37
BUB1B-PAK6,LOC100288637
BUB1B-PAK6,LHX2
BUB1B-PAK6,CLGN
BUB1B-PAK6,CKS2
BUB1B-PAK6,DRAXIN
BUB1B-PAK6,STIL
BUB1B-PAK6,KNL1
BUB1B-PAK6,FAM111B
BUB1B-PAK6,PBK
BUB1B-PAK6,FBXO43
BUB1B-PAK6,MCM2
BUB1B-PAK6,ZWINT
BUB1B-PAK6,DEPDC1
KIF4A,PNPLA3
KIF4A,SKA1
KIF4A,HROB
KIF4A,BUB1
SLAMF7,CGN
SLAMF7,UBASH3A
SLAMF7,BCL11B
SLAMF7,TNIP3
SLAMF7,IL7R
SLAMF7,IL21R-AS1
SLAMF7,ANKRD22
SLAMF7,CXCR2P1
SLAMF7,TNFSF13B
SLAMF7,CXCR6
SLAMF7,LINC01857
SLAMF7,PDCD1
SLAMF7,CXCL10
SLAMF7,IL2RB
SLAMF7,LINC02316
SLAMF7,CD80
SLAMF7,GBP5
SLAMF7,CD300LF
SLAMF7,CD52
SLAMF7,OSCAR
SLAMF7,LOC107984551
SLAMF7,DNAJC5B
SLAMF7,SLC1A3
SLAMF7,OASL
SLAMF7,KLHDC7B
SLAMF7,UBD
SLAMF7,BIRC3
SLAMF7,APOBR
SLAMF7,ICOS
SLAMF7,CTSW
SLAMF7,LINC02084
SLAMF7,PKD2L1
SLAMF7,CXCL9
SLAMF7,SH2D1A
SLAMF7,CCL18
SLAMF7,TNFRSF9
SLAMF7,EOMES
SLAMF7,ITK
SLAMF7,BATF
SLAMF7,LINC01871
SLAMF7,CCL5
SLAMF7,CD3E
SLAMF7,ARL4C
SLAMF7,TRAT1
SLAMF7,SP140
SLAMF7,LAIR2
SLAMF7,PYHIN1
SLAMF7,PTPN22
SLAMF7,KLHDC7B-DT
SLAMF7,LILRB4
SLAMF7,CD8A
SLAMF7,CD8B
SLAMF7,SIGLEC10
SLAMF7,GPR171
SLAMF7,ACY3
SLAMF7,SIGLEC8
SLAMF7,LINC02195
SLAMF7,USP30-AS1
SLAMF7,CYTIP
SLAMF7,CCR7
SLAMF7,ZBED2
SLAMF7,GZMA
SLAMF7,CALHM6
SLAMF7,APOC2
SLAMF7,LINC01943
SLAMF7,IL21R
SLAMF7,ETV7
SLAMF7,ADAMDEC1
SLAMF7,HECW2-AS1
SLAMF7,IGKJ5
SLAMF7,IL2RG
SLAMF7,IFI30
SLAMF7,BCL2A1
SLAMF7,GPR174
SLAMF7,IL18
SLAMF7,APOC4-APOC2
SLAMF7,IL12RB1
SLAMF7,LOC102724765
SLAMF7,SDS
SLAMF7,SLAMF8
SLAMF7,ZBP1
SLAMF7,PCOLCE-AS1
SLAMF7,IL1R2
SLAMF7,TFEC
SLAMF7,SERPINA1
SLAMF7,LIPM
SLAMF7,CRTAM
SLAMF7,APOC1
SLAMF7,SIRPG
SLAMF7,TYMP
SLAMF7,CD96
SLAMF7,ICAM1
SLAMF7,AIM2
SLAMF7,CD2
SLAMF7,CD5
SLAMF7,CD70
SLAMF7,SIT1
SLAMF7,CXCR3
SLAMF7,CD3D
SLAMF7,LINC01615
UBASH3A,PCOLCE-AS1
UBASH3A,TRAT1
UBASH3A,LINC02195
PTPN22,PKD2L1
PTPN22,TRAT1
PTPN22,LINC02195
PTPN22,LINC01943
PTPN22,PCOLCE-AS1
PTPN22,BIRC3
PKD2L1,MARCO
PKD2L1,MIR147B
PKD2L1,PELATON
PKD2L1,RGS1
PKD2L1,CD300LF
PKD2L1,OSCAR
PKD2L1,ZNF683
PKD2L1,ITGAX
PKD2L1,OTOAP1
PKD2L1,KCNN4
PKD2L1,TMEM156
PKD2L1,CCL18
PKD2L1,PTPRN
PKD2L1,TFAP2A
PKD2L1,PLEKHN1
PKD2L1,LINC01857
PKD2L1,CLEC5A
PKD2L1,C15orf48
PKD2L1,LAIR2
PKD2L1,FGF5
PKD2L1,LILRB4
PKD2L1,SIGLEC10
PKD2L1,COL8A1
PKD2L1,GPR171
PKD2L1,ACY3
PKD2L1,CYTIP
PKD2L1,APOC2
PKD2L1,APOBR
PKD2L1,LINC01943
PKD2L1,IL21R
PKD2L1,IL2RG
PKD2L1,APOC4-APOC2
PKD2L1,STEAP3
PKD2L1,OSM
PKD2L1,SDS
PKD2L1,CCDC171
PKD2L1,ST14
PKD2L1,LOC101927344
PKD2L1,ARL4C
PKD2L1,TREM2
PKD2L1,SLAMF8
PKD2L1,FBP1
PKD2L1,SERPINA1
PKD2L1,LOC105373581
PKD2L1,APOC1
PKD2L1,NLRP2
PKD2L1,ANPEP
PKD2L1,IFI30
PKD2L1,BCL2A1
PKD2L1,RGS16
PKD2L1,IL21R-AS1
PKD2L1,IL18
PKD2L1,SOCAR
BCL11B,LINC02195
BCL11B,TRAT1
LRRC37A8P,FAM95C
LRRC37A8P,ENHO
LRRC37A8P,MAST1
LRRC37A8P,GS1-24F4.2
LRRC37A8P,HMGB2
LRRC37A8P,BRME1
LRRC37A8P,SPC24
LRRC37A8P,RAB7B
LRRC37A8P,KCNMB2
LRRC37A8P,SYT4
LRRC37A8P,FBXO43
LRRC37A8P,TRNV
LRRC37A8P,NRXN1
LRRC37A8P,CCND2
LRRC37A8P,RDM1
LRRC37A8P,IGFBPL1
LRRC37A8P,DPYSL5
LRRC37A8P,CNIH2
LRRC37A8P,MESP1
LRRC37A8P,ASF1B
LRRC37A8P,SBK1
LRRC37A8P,LMO1
LRRC37A8P,FANCD2
FAM95C,DPYSL5
FAM95C,LOC105376042
FAM95C,KBTBD12
FAM95C,BRME1
FAM95C,FAM30C
FAM95C,CDKN2A
FAM95C,ANKRD18A
FAM95C,MIR503HG
FAM95C,CRYBG2
FAM95C,LOC105376041
FAM95C,CDKN2B
FAM95C,NUP210
FAM95C,IGFBPL1
FAM95C,CDKN2B-AS1
FAM95C,IRF6
FAM95C,MAST1
FAM95C,CA3
FAM95C,ELAVL3
FAM95C,CDKN2A-AS1
FAM95C,SBK1
FAM95C,FAM201A
C7,THBS4-AS1
C7,SCN7A
C7,MIMT1
C7,GLB1L3
THBS4-AS1,THBS4
BUB1,LOC112268460
BUB1,FANCD2
BUB1,CCDC150
BUB1,CLSPN
BUB1,H2AX
BUB1,NT5DC4
BUB1,DLGAP5
BUB1,HASPIN
BUB1,POLQ
BUB1,HJURP
BUB1,CENPA
BUB1,ERCC6L
BUB1,LOC100288637
BUB1,SNHG31
BUB1,CDT1
BUB1,E2F1
BUB1,CKS2
BUB1,SPC24
BUB1,BLM
BUB1,KNL1
BUB1,CDCA5
BUB1,RRM2
BUB1,TROAP
BUB1,KIF18A
BUB1,EXO1
BUB1,FAM111B
BUB1,POC1A
BUB1,CRNDE
BUB1,CENPF
BUB1,RACGAP1
BUB1,AURKA
BUB1,FBXO43
BUB1,TICRR
BUB1,NCAPH
BUB1,FAM72D
BUB1,ZIC2
BUB1,XRCC2
BUB1,SAPCD2
BUB1,LMNB1
BUB1,LOC105371050
BUB1,MCM2
BUB1,DEPDC1
BUB1,PRR11
BUB1,KIF14
BUB1,SLC26A9-AS1
BUB1,MKI67
BUB1,SPC25
BUB1,GTSE1
BUB1,CDC6
BUB1,FOXM1
BUB1,DIAPH3
BUB1,PLK4
BUB1,CCNE1
BUB1,OIP5
BUB1,DEPDC1B
BUB1,AURKB
BUB1,CCNB2
BUB1,KIF23
BUB1,FAM83D
BUB1,PCLAF
BUB1,FAM72C
BUB1,LCORL
BUB1,KIF20A
BUB1,H3C14
BUB1,NEK2
BUB1,KY
BUB1,ORC1
BUB1,E2F2
BUB1,FAM72A
BUB1,IRX5
BUB1,MKX
BUB1,TRIP13
BUB1,CCNF
BUB1,LHX2
BUB1,CENPE
BUB1,PRC1
BUB1,DRAXIN
BUB1,XKR5
BUB1,CENPM
BUB1,CENPI
BUB1,UHRF1
BUB1,RDM1
BUB1,BRIP1
BUB1,TACC3
BUB1,CIT
BUB1,KIF11
BUB1,SPSB4
BUB1,SHANK1
BUB1,GINS1
BUB1,PBK
BUB1,GAS2L3
BUB1,NCAPG2
BUB1,H3C2
BUB1,SGO2
BUB1,KIF4B
BUB1,CNIH2
BUB1,CDKN3
BUB1,RECQL4
BUB1,AKR1C3
BUB1,ZWINT
BUB1,E2F7
BUB1,ATAD2
BUB1,FAM72B
BUB1,NUF2
BUB1,MYBL2
BUB1,KIF18B
BUB1,MTFR2
BUB1,SGO1-AS1
BUB1,BIRC5
BUB1,HMMR
BUB1,CDC20
BUB1,PIMREG
BUB1,SKA1
BUB1,TEDC2
BUB1,ASF1B
BUB1,PLK1
BUB1,CEP55
BUB1,MELK
BUB1,PTTG1
BUB1,NSD2
BUB1,SGO1
BUB1,TPX2
BUB1,HOXD13
BUB1,PIF1
BUB1,NEIL3
BUB1,MIR924HG
BUB1,HROB
BUB1,BUB1B
BUB1,LOC107985017
BUB1,ESCO2
BUB1,SPAG5
BUB1,E2F8
BUB1,UBE2C
BUB1,ASPM
BUB1,H3C3
BUB1,ANLN
BUB1,TTK
BUB1,ARHGAP11A
BUB1,DTL
BUB1,CDC25A
BUB1,MCM4
BUB1,NCAPG
BUB1,ECT2
BUB1,KIFC1
BUB1,TRIM59
BUB1,WDR76
BUB1,TCF19
BUB1,NUSAP1
BUB1,PNPLA3
BUB1,KIF15
BUB1,SKA3
BUB1,CDCA2
BUB1,CCNB1
BUB1,EZH2
BUB1,RAD51AP1
BUB1,PAQR4
BUB1,CDCA8
BUB1,CDC45
BUB1,KIF2C
BUB1,SHCBP1
BUB1,HAS2-AS1
BUB1,ARHGAP11B
BUB1,HOPX
BUB1,CKAP2L
BUB1,CDK1
BUB1,HMGB2
BUB1,CENPH
BUB1,MCM10
BUB1,CRADD-AS1
BUB1,RAD51
BUB1,CENPK
BUB1,MAD2L1
BUB1,PRC1-AS1
BUB1,ESPL1
BUB1,WDR62
BUB1,SOCS2-AS1
BUB1,CDC25C
BUB1,MND1
LOC112268460,SKA1
LOC112268460,HROB
STC2,INS-IGF2
STC2,WSCD2
STC2,CXCR4
STC2,SALL4
STC2,IRS4
STC2,FOXD1
STC2,KY
STC2,LOC107984886
STC2,MIR210HG
STC2,PEG3
STC2,FOXL1
STC2,E2F7
STC2,IGF2
STC2,TFR2
STC2,HOXD13
STC2,ULBP2
STC2,HRC
STC2,LOC107985017
STC2,JAKMIP3
STC2,ECT2
STC2,ADORA2B
STC2,KIF2C
STC2,PIMREG
STC2,IGF2BP3
STC2,NT5DC4
STC2,ATP6V0D2
STC2,SRL
STC2,DLGAP5
STC2,PHF24
STC2,CDC25A
STC2,FLRT2-AS1
STIL,LOC100506253
STIL,LOC102723714
STIL,SKA1
STIL,WDR62
STIL,CDC25C
STIL,CLSPN
STIL,CEP55
STIL,NSD2
STIL,SACS-AS1
STIL,POLQ
STIL,GRM4
STIL,GATA5
STIL,BUB1B
STIL,CKS2
STIL,KNL1
STIL,TROAP
STIL,SYT4
STIL,ZNF367
STIL,FAM72D
STIL,MCM2
STIL,ARHGAP11B
STIL,DEPDC1
STIL,HMGB2
STIL,PGR
STIL,DIAPH3
STIL,PRC1-AS1
STIL,ESPL1
STIL,MND1
STIL,FANCD2
STIL,FAM83D
STIL,E2F2
STIL,IL37
STIL,LOC100288637
STIL,TRIP13
STIL,FOXE3
STIL,LHX2
STIL,CENPE
STIL,PRC1
STIL,PEG3
STIL,CCND2
STIL,BRIP1
STIL,FAM111B
STIL,PBK
STIL,NCAPG2
STIL,SGO2
STIL,ZWINT
STIL,E2F7
STIL,FAM72B
STIL,KIF14
STIL,DEPDC1-AS1
STIL,PKMYT1
STIL,LOC105378523
STIL,ADGRL2
STIL,KCNMB2
STIL,HMMR
STIL,TBX18
STIL,ASF1B
STIL,KIF20A
STIL,TPX2
STIL,EP300-AS1
STIL,NEIL3
STIL,E2F8
STIL,ASPM
STIL,ANLN
STIL,LINC01238
STIL,ARHGAP11A
STIL,CIT
STIL,NCAPG
STIL,WDR76
STIL,TCF19
STIL,NUSAP1
STIL,SKA3
STIL,CDCA2
STIL,PAQR4
STIL,CDKN3
STIL,CDCA8
STIL,IQGAP3
STIL,SHCBP1
STIL,MYBL1
STIL,ATAD2
STIL,NUF2
STIL,LOC105372115
STIL,CKAP2L
STIL,KIF18B
STIL,CDK1
STIL,CENPK
STIL,CDC20
HROB,NEK2
HROB,ORC1
HROB,E2F2
HROB,IRX5
HROB,TRIP13
HROB,LOC102723305
HROB,CCNF
HROB,LHX2
HROB,CENPE
HROB,PRC1
HROB,TK1
HROB,CENPM
HROB,CENPI
HROB,UHRF1
HROB,PEG3
HROB,H2AC16
HROB,DSCAML1
HROB,TACC3
HROB,KIF11
HROB,SPSB4
HROB,SHANK1
HROB,LIPG
HROB,GINS1
HROB,NCAPG2
HROB,RECQL4
HROB,ZWINT
HROB,PKMYT1
HROB,MYBL2
HROB,KIF18B
HROB,MTFR2
HROB,SGO1-AS1
HROB,BIRC5
HROB,CDC20
HROB,SKA1
HROB,PEG3-AS1
HROB,CEP55
HROB,MELK
HROB,PTTG1
HROB,NSD2
HROB,LOC105371793
HROB,SGO1
HROB,TPX2
HROB,PIF1
HROB,RAC3
HROB,ESCO2
HROB,SPAG5
HROB,UBE2C
HROB,H3C3
HROB,TTK
HROB,DTL
HROB,CDC25A
HROB,MCM4
HROB,KIFC1
HROB,TCF19
HROB,SKA3
HROB,CDCA2
HROB,EZH2
HROB,CDC45
HROB,KIF2C
HROB,SHCBP1
HROB,LOC105372115
HROB,CKAP2L
HROB,CDK1
HROB,CENPH
HROB,MCM10
HROB,PGR
HROB,RAD51
HROB,MAD2L1
HROB,PRC1-AS1
HROB,ESPL1
HROB,CDC25C
HROB,MND1
HROB,FAM72A
HROB,CCDC150
HROB,CLSPN
HROB,H2AX
HROB,PLK1
HROB,DLGAP5
HROB,HJURP
HROB,CENPA
HROB,ADAMTSL5
HROB,ERCC6L
HROB,E2F1
HROB,SPC24
HROB,BLM
HROB,CDCA5
HROB,RRM2
HROB,KIF18A
HROB,EXO1
HROB,CENPF
HROB,AURKA
HROB,TICRR
HROB,CCNB1
HROB,NCAPH
HROB,XRCC2
HROB,LMNB1
HROB,PRR11
HROB,MKI67
HROB,RAET1K
HROB,SPC25
HROB,GTSE1
HROB,CDC6
HROB,FOXM1
HROB,PLK4
HROB,AURKB
HROB,CCNB2
HROB,PCLAF
HROB,LCORL
HROB,KIF20A
NEK2,PBK
NEK2,SKA1
NEK2,PNPLA3
LOC102723714,RDUR
CYTIP,PCOLCE-AS1
CYTIP,BIRC3
CYTIP,TRAT1
CYTIP,LINC02195
CYTIP,LINC01943
PCOLCE-AS1,LOC105378305
PCOLCE-AS1,LINC02316
PCOLCE-AS1,SP140
PCOLCE-AS1,SLC12A5-AS1
PCOLCE-AS1,GPR171
PCOLCE-AS1,OLFML2B
PCOLCE-AS1,LINC01583
PCOLCE-AS1,RTL3
PCOLCE-AS1,CTHRC1
PCOLCE-AS1,APOBR
PCOLCE-AS1,IL21R
PCOLCE-AS1,HECW2-AS1
PCOLCE-AS1,SMCO2
PCOLCE-AS1,IL12RB1
PCOLCE-AS1,LOC105370924
PCOLCE-AS1,SDS
PCOLCE-AS1,ARL4C
PCOLCE-AS1,SLAMF8
PCOLCE-AS1,IL1R2
PCOLCE-AS1,TYMP
PCOLCE-AS1,ANPEP
PCOLCE-AS1,RFX8
PCOLCE-AS1,PCOLCE
PCOLCE-AS1,PLAUR
PCOLCE-AS1,LINC01605
PCOLCE-AS1,ATP6V0D2
PCOLCE-AS1,LINC01943
PCOLCE-AS1,LINC01615
PCOLCE-AS1,CLDN14-AS1
PCOLCE-AS1,LRRC15
PCOLCE-AS1,BCL2A1
PCOLCE-AS1,IL7R
PCOLCE-AS1,ADAMTS9-AS1
PCOLCE-AS1,LOC105373581
PCOLCE-AS1,ZFHX4
PCOLCE-AS1,OSCAR
PCOLCE-AS1,LINC02328
PCOLCE-AS1,ITGAX
PCOLCE-AS1,ELAVL3
PCOLCE-AS1,RUNX2
PCOLCE-AS1,SLC12A8
ORC1,SKA1
ORC1,PNPLA3
RELT,CDKN3
RELT,ADORA2B
RELT,GGH
RELT,ZFHX4-AS1
RELT,MTFR2
RELT,CA2
RELT,BIRC5
RELT,MAD2L1
RELT,LOC105371275
RELT,ATP6V0D2
RELT,LINC01943
RELT,PIF1
RELT,LOC105377508
RELT,CDT1
RELT,LEFTY2
RELT,H3C3
RELT,BMAL2-AS1
RELT,CDC25A
RELT,KIF18A
RELT,CRNDE
RELT,WSCD2
RELT,CCNB1
RELT,COL11A1
RELT,KIF2C
RELT,ASB5
RELT,PDE8B
RELT,ISL2
RELT,EZR
RELT,AURKB
RELT,MGC12916
RELT,PCLAF
RELT,DLGAP5
RELT,LINC00595
RELT,PHF24
RELT,TACR2
RELT,KCNK13
RELT,CDCA5
RELT,RRM2
RELT,EXO1
RELT,EPO
RELT,FOXL1
RELT,E2F7
RELT,ADCY5
RELT,TREM1
RELT,FOXM1
RELT,FOXD1
RELT,ADAMTS19
RELT,DLX1
RELT,SLURP2
RELT,ULBP1
RELT,BMAL2
RELT,PLEK2
RELT,RUNX3
RELT,ULBP2
RELT,LOC102723654
RELT,TK1
RELT,IRX3
RELT,LOC105376369
RELT,CENPM
RELT,UHRF1
RELT,MMP12
RELT,LOC105378305
RELT,CPLX3
RELT,RUNX3-AS1
RELT,KIF11
RELT,CHRDL1
RELT,LIPG
RELT,H3C2
RELT,BBOX1-AS1
CDKN3,PBK
CDKN3,SKA1
ADORA2B,LINC01943
ADORA2B,EN1
LOC105378305,ANPEP
LOC105378305,PCOLCE
LOC105378305,PLAUR
LOC105378305,MGC12916
LOC105378305,BMAL2
LOC105378305,IL21R-AS1
LOC105378305,CFAP45
LOC105378305,PODNL1
LOC105378305,EXOC3L4
LOC105378305,CLDN14
LOC105378305,CHRDL1
LOC105378305,LINC02541
LOC105378305,WNT7B
LOC105378305,CLEC5A
LOC105378305,PELATON
LOC105378305,LOC105377123
LOC105378305,MMP1
LOC105378305,C15orf48
LOC105378305,CRYBG1
LOC105378305,FOXL1
LOC105378305,ZFHX4
LOC105378305,TREM1
LOC105378305,SDC1
LOC105378305,COL8A1
LOC105378305,VEPH1
LOC105378305,DLX1
LOC105378305,KCNN4
LOC105378305,APOBR
LOC105378305,RUNX2
LOC105378305,PLEK2
LOC105378305,RUNX3
LOC105378305,ULBP2
LOC105378305,IRX3
LOC105378305,LOC105376369
LOC105378305,SLC12A8
LOC105378305,MMP12
LOC105378305,LINC01426
LOC105378305,LINC00673
LOC105378305,SMCO2
LOC105378305,RUNX3-AS1
LOC105378305,CYTOR
LOC105378305,LIPG
LOC105378305,STEAP3
LOC105378305,GPR84
LOC105378305,MCTP2
LOC105378305,ARL4C
LOC105378305,LOC102723834
LOC105378305,IL1RN
LOC105378305,ZFHX4-AS1
LOC105378305,ASB5
LOC105378305,AK5
LOC105378305,GIPR
LOC105378305,SPHK1
LOC105378305,RFX8
LOC105378305,LINC01583
LOC105378305,RTL3
LOC105378305,AQP9
LOC105378305,LINC01605
LOC105378305,ATP6V0D2
LOC105378305,NECTIN4
LOC105378305,LINC01943
LOC105378305,IL21R
LOC105378305,LRRC15
LOC105378305,SOCAR
LOC105378305,SLC11A1
LOC105378305,LOC105370924
LOC105378305,OSM
LOC105378305,OBP2A
LOC105378305,MIR147B
LOC105378305,ADAMTS9-AS1
LOC105378305,SDS
LOC105378305,CCDC171
LOC105378305,EN1
LOC105378305,ST14
LOC105378305,LOC101927344
LOC105378305,TREM2
LOC105378305,RGS1
LOC105378305,TFCP2L1
LOC105378305,LOC105373581
LOC105378305,COL10A1
LOC105378305,SLC6A7
ANPEP,LINC01943
LINC02195,CD300LF
LINC02195,MIR155HG
LINC02195,CD52
LINC02195,KLHDC7B-DT
LINC02195,GPR171
LINC02195,SIGLEC8
LINC02195,SLC1A3
LINC02195,OASL
LINC02195,KLHDC7B
LINC02195,UBD
LINC02195,GZMA
LINC02195,BIRC3
LINC02195,APOC2
LINC02195,ICOS
LINC02195,CXCL9
LINC02195,TNFRSF9
LINC02195,CD38
LINC02195,ITK
LINC02195,BATF
LINC02195,LINC01871
LINC02195,IL1R2
LINC02195,TRAT1
LINC02195,LIPM
LINC02195,LAIR2
LINC02195,IL1RN
LINC02195,LILRB4
LINC02195,CD8A
LINC02195,CD8B
LINC02195,SIGLEC10
LINC02195,CD96
LINC02195,MICB
LINC02195,AIM2
LINC02195,LINC01050
LINC02195,SIT1
LINC02195,CCR7
LINC02195,ZBED2
LINC02195,CALHM6
LINC02195,LINC01943
LINC02195,IL21R
LINC02195,ETV7
LINC02195,ADAMDEC1
LINC02195,IL2RG
LINC02195,IFI30
LINC02195,BCL2A1
LINC02195,GPR174
LINC02195,IL18
LINC02195,APOC4-APOC2
LINC02195,IL12RB1
LINC02195,CXCR6
LINC02195,MIR147B
LINC02195,SDS
LINC02195,IL2RB
LINC02195,SLAMF8
LINC02195,RGS1
LINC02195,ZBP1
LINC02195,TFEC
LINC02195,SERPINA1
LINC02195,CRTAM
LINC02195,CD80
LINC02195,APOC1
LINC02195,SIRPG
LINC02195,TYMP
LINC02195,GBP5
LINC02195,ICAM1
LINC02195,CD2
LINC02195,CD5
LINC02195,CD70
LINC02195,LOC107984551
LINC02195,P2RY10
LINC02195,PLA2G7
LINC02195,CXCR3
LINC02195,CD3D
LINC02195,IDO1
LINC02195,TMEM156
LINC02195,CTSW
LINC02195,TMEM244
LINC02195,LINC02084
LINC02195,SH2D1A
LINC02195,IL7R
LINC02195,ANKRD22
LINC02195,CXCR2P1
LINC02195,TNFSF13B
LINC02195,NEURL3
LINC02195,PDCD1
LINC02195,CXCL10
LINC02195,CCL5
LINC02195,C15orf48
LINC02195,SP140
LINC02195,PYHIN1
CD300LF,BIRC3
CD300LF,LINC01943
CLSPN,SKA1
CLSPN,PBK
H2AX,SKA1
E2F2,SKA1
BIRC3,CD80
BIRC3,GBP5
BIRC3,CD52
BIRC3,ICAM1
BIRC3,P2RY10
BIRC3,CXCR3
BIRC3,MT2A
BIRC3,ANKRD22
BIRC3,PLEKHN1
BIRC3,STXBP2
BIRC3,TNFRSF9
BIRC3,LINC01857
BIRC3,BATF
BIRC3,LINC01871
BIRC3,C15orf48
BIRC3,TMEM52B
BIRC3,SP140
BIRC3,LAIR2
BIRC3,KLHDC7B-DT
BIRC3,LILRB4
BIRC3,SIGLEC10
BIRC3,SLC1A3
BIRC3,KLHDC7B
BIRC3,CCR7
BIRC3,UBD
BIRC3,GZMA
BIRC3,APOC2
BIRC3,OLR1
BIRC3,IL21R
BIRC3,ETV7
BIRC3,RASGEF1A
BIRC3,ADAMDEC1
BIRC3,CXCL9
BIRC3,CD38
BIRC3,GPR84
BIRC3,MCOLN2
BIRC3,TREM2
BIRC3,SLAMF8
BIRC3,FBP1
BIRC3,TFEC
BIRC3,SERPINA1
BIRC3,LIPM
BIRC3,APOC1
BIRC3,SIRPG
BIRC3,TYMP
BIRC3,TRAC
BIRC3,CD96
BIRC3,AIM2
BIRC3,DAPP1
BIRC3,PLA2G7
BIRC3,ZBED2
BIRC3,CALHM6
BIRC3,LINC01943
BIRC3,IFI30
BIRC3,BCL2A1
BIRC3,IL7R
BIRC3,IL21R-AS1
BIRC3,IL18
BIRC3,TNFSF13B
BIRC3,APOC4-APOC2
BIRC3,NEURL3
BIRC3,CXCR6
BIRC3,PDCD1
BIRC3,LOC100419170
BIRC3,MIR147B
BIRC3,CXCL10
BIRC3,RGS1
BIRC3,ZBP1
CD80,LINC01943
CD80,TRAT1
SKA1,NUF2
SKA1,PKMYT1
SKA1,MYBL2
SKA1,KIF18B
SKA1,SGO1-AS1
SKA1,BIRC5
SKA1,HMMR
SKA1,PLK4
SKA1,TBX18
SKA1,TEDC2
SKA1,ASF1B
SKA1,CEP55
SKA1,MELK
SKA1,PTTG1
SKA1,NSD2
SKA1,TPX2
SKA1,NEIL3
SKA1,RAC3
SKA1,ESCO2
SKA1,SPAG5
SKA1,UBE2C
SKA1,ASPM
SKA1,ANLN
SKA1,TTK
SKA1,ARHGAP11A
SKA1,DTL
SKA1,MCM4
SKA1,NCAPG
SKA1,KIFC1
SKA1,TCF19
SKA1,SKA3
SKA1,CDCA2
SKA1,EZH2
SKA1,PAQR4
SKA1,CDCA8
SKA1,CDC45
SKA1,KIF2C
SKA1,SHCBP1
SKA1,ATAD2
SKA1,LOC105372115
SKA1,CKAP2L
SKA1,CDK1
SKA1,HMGB2
SKA1,CENPH
SKA1,MCM10
SKA1,CDC20
SKA1,PRC1-AS1
SKA1,ESPL1
SKA1,WDR62
SKA1,CDC25C
SKA1,PLK1
SKA1,DLGAP5
SKA1,POLQ
SKA1,HJURP
SKA1,ERCC6L
SKA1,E2F1
SKA1,SPC24
SKA1,IGF1
SKA1,BLM
SKA1,KNL1
SKA1,RAB7B
SKA1,TROAP
SKA1,KIF18A
SKA1,EXO1
SKA1,CENPF
SKA1,RACGAP1
SKA1,AURKA
SKA1,FBXO43
SKA1,TICRR
SKA1,CCNB1
SKA1,NCAPH
SKA1,FAM72D
SKA1,XRCC2
SKA1,SAPCD2
SKA1,LMNB1
SKA1,LOC105371050
SKA1,PRR11
SKA1,SLC26A9-AS1
SKA1,MKI67
SKA1,SPC25
SKA1,GTSE1
SKA1,CDC6
SKA1,FOXM1
SKA1,AURKB
SKA1,TRNV
SKA1,PCLAF
SKA1,LCORL
SKA1,KIF20A
SKA1,IL37
SKA1,IRX5
SKA1,TRIP13
SKA1,CCNF
SKA1,LHX2
SKA1,PRC1
SKA1,TK1
SKA1,CENPM
SKA1,CENPI
SKA1,PEG3
SKA1,CCND2
SKA1,RDM1
SKA1,TACC3
SKA1,CIT
SKA1,IL36G
SKA1,KIF11
SKA1,SPSB4
SKA1,GINS1
SKA1,PBK
SKA1,NCAPG2
SKA1,RECQL4
SKA1,ZWINT
NUF2,PBK
NUF2,AKR1C2
AKR1C2,CENPK
AKR1C2,PSAT1
AKR1C2,SLC7A5
AKR1C2,FAM83D
AKR1C2,POLQ
AKR1C2,MIOX
AKR1C2,LRRIQ3
AKR1C2,HASPIN
AKR1C2,PLK4
AKR1C2,HSD11B2
AKR1C2,ADM2
AKR1C2,CENPE
AKR1C2,FANCD2OS
AKR1C2,MYBL1
AKR1C2,MAD2L1
AKR1C2,TNNI1
AKR1C2,ANLN
AKR1C2,ECT2
AKR1C2,PTCHD4
CENPK,PBK
CENPK,LINC00626
NT5DC4,PNPLA3
LOC105374898,TLCD3B
LOC105374898,ACAN
MIR155HG,TMEM244
MIR155HG,LINC01943
MIR155HG,EN1
EN1,IFNE
EN1,LOC105373581
EN1,PRR11
EN1,ISL2
EN1,ULBP2
EN1,LOC105376369
EN1,UHRF1
EN1,LIPG
EN1,MIR31HG
EN1,FOXL1
EN1,RTL3
EN1,FST
EN1,PIF1
EN1,RUNX3
EN1,CDC25A
EN1,SMCO2
EN1,RUNX3-AS1
EN1,LOC105375690
EN1,CYTOR
EN1,MCTP2
EN1,LINC00862
EN1,LOC102723834
EN1,HAS2-AS1
EN1,RAD51
EN1,MGC12916
EN1,CYP2J2
EN1,BLM
IFNE,KIF23
LINC01943,FGF5
LINC01943,GIPR
LINC01943,SLC12A5-AS1
LINC01943,LILRB4
LINC01943,SPHK1
LINC01943,SIGLEC10
LINC01943,COL8A1
LINC01943,GPR171
LINC01943,LINC02785
LINC01943,SLC1A3
LINC01943,YBX2
LINC01943,APOC2
LINC01943,APOBR
LINC01943,OLR1
LINC01943,IL21R
LINC01943,ETV7
LINC01943,ADAMDEC1
LINC01943,HECW2-AS1
LINC01943,IL2RG
LINC01943,SMCO2
LINC01943,LINC02968
LINC01943,IL12RB1
LINC01943,CYTOR
LINC01943,STEAP3
LINC01943,GPR84
LINC01943,FCGR3B
LINC01943,SDS
LINC01943,CCDC171
LINC01943,ARL4C
LINC01943,TREM2
LINC01943,SLAMF8
LINC01943,TFEC
LINC01943,SERPINA1
LINC01943,LIPM
LINC01943,CRTAM
LINC01943,APOC1
LINC01943,SIRPG
LINC01943,TYMP
LINC01943,COL10A1
LINC01943,TRAC
LINC01943,SLC6A7
LINC01943,ASB5
LINC01943,RFX8
LINC01943,ADTRP
LINC01943,CD70
LINC01943,PLAUR
LINC01943,ATP6V0D2
LINC01943,CALHM6
LINC01943,COL4A5
LINC01943,LINC01615
LINC01943,CLDN14-AS1
LINC01943,IFI30
LINC01943,LRRC15
LINC01943,BCL2A1
LINC01943,IL7R
LINC01943,IL21R-AS1
LINC01943,CFAP45
LINC01943,KCNK13
LINC01943,IL18
LINC01943,SOCAR
LINC01943,TNFSF13B
LINC01943,EXOC3L4
LINC01943,APOC4-APOC2
LINC01943,FFAR4
LINC01943,LOC100419170
LINC01943,MIR147B
LINC01943,LGI3
LINC01943,ADAMTS9-AS1
LINC01943,LOC105377123
LINC01943,RGS1
LINC01943,CRYBG1
LINC01943,LOC105373581
LINC01943,TREM1
LINC01943,OSCAR
LINC01943,ICAM1
LINC01943,ITGAX
LINC01943,LOC107984551
LINC01943,DNAJC5B
LINC01943,VEPH1
LINC01943,OTOAP1
LINC01943,KCNN4
LINC01943,BMAL2
LINC01943,PLEK2
LINC01943,RUNX3
LINC01943,LOC105376369
LINC01943,SLC12A8
LINC01943,ANKRD22
LINC01943,LINC00944
LINC01943,LINC00673
LINC01943,CLDN14
LINC01943,TNFRSF9
LINC01943,LINC01857
LINC01943,CHRDL1
LINC01943,LINC02541
LINC01943,BATF
LINC01943,CLEC5A
LINC01943,PELATON
LINC01943,C15orf48
LINC01943,FOXL1
LINC01943,TMEM52B
LINC01943,SP140
LINC01943,LAIR2
LINC01943,IL1RN
SOX9,SOX9-AS1
SOX9,HOXC13
SOX9,CHST6
SOX9,LRRC3B
SOX9,RECQL4
SOX9,SLC26A9-AS1
SOX9,FOLR1
SOX9,ERN2
SOX9,INAVA
SOX9,HOXC11
SOX9,RAB7B
WSCD2,LOC105377508
WSCD2,ZFHX4-AS1
SDC1,FAM167A
SDC1,SOWAHB
SDC1,KRT18
FAM167A,ITGA6-AS1
CD52,TRAT1
NMU,TPD52
NMU,MCIDAS
NMU,RAB3B
NMU,MAP3K9-DT
NMU,LOC107985532
NMU,SH2D4A
NMU,FOXD3-AS1
NMU,RAB11FIP4
NMU,NUP210
NMU,GCHFR
TPD52,NUP210
PNPLA3,CDC45
PNPLA3,KIF2C
PNPLA3,SAPCD2
PNPLA3,SHCBP1
PNPLA3,CENPM
PNPLA3,HOPX
PNPLA3,CRADD-AS1
PNPLA3,ERCC6L
PNPLA3,CDCA5
PNPLA3,EXO1
PNPLA3,RACGAP1
PNPLA3,TICRR
PNPLA3,NCAPH
PNPLA3,SGO2
PNPLA3,LMNB1
PNPLA3,ZWINT
PNPLA3,MKI67
PNPLA3,RIPK4
PNPLA3,CDC6
PNPLA3,H2AC13
PNPLA3,PLK4
PNPLA3,DEPDC1B
PNPLA3,CENPE
PNPLA3,KIF20A
PNPLA3,SMC1B
PNPLA3,KY
PNPLA3,SPAG5
PNPLA3,RECQL4
PNPLA3,UHRF1
PNPLA3,MCM4
PNPLA3,KIF11
PNPLA3,LIPG
PNPLA3,CDCA2
PNPLA3,CDC25C
PNPLA3,CDCA8
PNPLA3,CKAP2L
PNPLA3,HJURP
PNPLA3,BIRC5
PNPLA3,CDC20
PNPLA3,PLK1
PNPLA3,MELK
PNPLA3,SRL
PNPLA3,DLGAP5
PNPLA3,TPX2
PNPLA3,PIF1
PNPLA3,LOC107985017
PNPLA3,ESCO2
PNPLA3,DHCR24
PNPLA3,TTK
PNPLA3,HASPIN
PNPLA3,KIFC1
PNPLA3,KIF18A
PNPLA3,CENPF
PNPLA3,CCNB1
PNPLA3,EZH2
CDKN2B-AS1,LRRC14B
CDKN2B-AS1,NUP210
KLK5,LOC105372326
KLK5,GATA5
LOC105372326,CMTM5
LOC105372326,KLK7
PKMYT1,PBK
TRNV,LRRC3B
TRNV,CNIH2
TRNV,KCNB2
TRNV,CENPH
TRNV,ZNF208
TRNV,PXDNL
TRNV,SYT4
TRNV,XRCC2
TRNV,CCND2
PBK,OIP5
PBK,APOBEC3B
PBK,FAM83D
PBK,HASPIN
PBK,LCORL
PBK,KIF20A
PBK,IL37
PBK,LOC100288637
PBK,CCNF
PBK,LHX2
PBK,RDM1
PBK,SPSB4
PBK,SGO2
PBK,EPO
PBK,AKR1C3
PBK,ZWINT
PBK,E2F7
PBK,FAM72B
PBK,KIF14
PBK,LOC105369315
PBK,HMMR
PBK,ASF1B
PBK,FAM72C
PBK,NSD2
PBK,TPX2
PBK,LOC105370705
PBK,APOBEC3B-AS1
PBK,NEIL3
PBK,BUB1B
PBK,ESCO2
PBK,ASPM
PBK,ANLN
PBK,ARHGAP11A
PBK,NCAPG
PBK,ECT2
PBK,KIFC1
PBK,TRIM59
PBK,WDR76
PBK,TCF19
PBK,NUSAP1
PBK,SKA3
PBK,CDCA2
PBK,PAQR4
PBK,CDCA8
PBK,SHCBP1
PBK,MYBL1
PBK,LINC01122
PBK,ATAD2
PBK,CKAP2L
PBK,KIF18B
PBK,CRADD-AS1
PBK,CDC20
PBK,SOCS2-AS1
PBK,FAM72A
PBK,CEP55
PBK,DLGAP5
PBK,POLQ
PBK,TCF7
PBK,CKS2
PBK,KNL1
PBK,FLRT2-AS1
PBK,KIF18A
PBK,FAM111B
PBK,RIBC2
PBK,CENPF
PBK,AURKA
PBK,CCNB1
PBK,ZNF367
PBK,FAM72D
PBK,ZIC2
PBK,HMMR-AS1
PBK,MCM2
PBK,ARHGAP11B
PBK,DEPDC1
PBK,HMGB2
PBK,GTSE1
PBK,CDC6
PBK,DIAPH3
LINC01016,LOC105375027
LOC105375027,DHCR24
IL18,LOC105375172
IL18,C5orf46
LOC105375172,TMEM171
LOC105375172,ILDR1
LOC105375172,SIGLEC12
SLITRK2,DRD2
DRD2,DUXAP10
DRD2,ZFHX4-AS1
DRD2,SLC12A5-AS1
ITGA6-AS1,ISL1
IQGAP3,GLB1L3
GLB1L3,TRIP13
GLB1L3,CENPE
GLB1L3,DUSP5P1
GLB1L3,ADGRL2
GLB1L3,RFPL1
GLB1L3,PGR
GLB1L3,H2AC11
GLB1L3,ESPL1
GLB1L3,ADAMTSL5
GLB1L3,CKM
GLB1L3,PEG3
TMEM244,ISG20
TMEM244,LINC01857
TMEM244,COL11A2
TMEM244,NYAP2
TMEM244,LINC00960
TMEM244,ZIC1
TMEM244,DGKG
TMEM244,ADAMDEC1
DDN,ASIC5
DDN,CA3
GIPR,SLC12A5-AS1
SLC12A5-AS1,ADCY5
SLC12A5-AS1,PDE8B
SLC12A5-AS1,PCOLCE
SLC12A5-AS1,COL4A5
SLC12A5-AS1,LOC105379362
SLC12A5-AS1,LOC102723654
SLC12A5-AS1,ZNF695
SLC12A5-AS1,MMP9
SLC12A5-AS1,ZNF683
SLC12A5-AS1,OLFML2B
SLC12A5-AS1,ITGAX
SLC12A5-AS1,VEPH1
SLC12A5-AS1,SLC12A8
SLC12A5-AS1,NKX6-1
SLC12A5-AS1,ZFHX4-AS1
SLC12A5-AS1,RFX8
SLC12A5-AS1,ATP6V0D2
SLC12A5-AS1,CTHRC1
SLC12A5-AS1,SDS
GBP5,TRAT1
ADCY5,LOC105377508
ATP6V1B1-AS1,LOC105374947
LOC105374947,DLEU7
LOC105374947,ISOC1
KIF18B,LOC151760
ADAMDEC1,LINC00960
LINC00960,COL4A5
LINC00960,HS3ST2
TRAT1,IL12RB1
TRAT1,CD38
TRAT1,ALPK2
TRAT1,MCOLN2
TRAT1,ZBP1
TRAT1,IL1R2
TRAT1,TFEC
TRAT1,LIPM
TRAT1,CRTAM
TRAT1,SIRPG
TRAT1,TYMP
TRAT1,IGHM
TRAT1,CD96
TRAT1,ICAM1
TRAT1,AIM2
TRAT1,CD2
TRAT1,SLAMF8
TRAT1,CD5
TRAT1,APOC1
TRAT1,SIT1
TRAT1,PLA2G7
TRAT1,ZBED2
TRAT1,CXCR3
TRAT1,CALHM6
TRAT1,CD3D
TRAT1,TNIP3
TRAT1,IL7R
TRAT1,JCHAIN
TRAT1,TNFSF13B
TRAT1,CXCR6
TRAT1,PDCD1
TRAT1,CXCL10
TRAT1,PLA2G2D
TRAT1,IL2RB
TRAT1,IGHG3
TRAT1,ZNF683
TRAT1,P2RY10
TRAT1,ICOS
TRAT1,CTSW
TRAT1,IGLV3-1
TRAT1,LINC02084
TRAT1,SH2D1A
TRAT1,ANKRD22
TRAT1,ANO9
TRAT1,EOMES
TRAT1,ITK
TRAT1,LINC01871
TRAT1,CCL5
TRAT1,CD3E
TRAT1,SP140
TRAT1,PYHIN1
TRAT1,CD8A
TRAT1,CD8B
TRAT1,SIGLEC10
TRAT1,GPR171
TRAT1,SIGLEC8
TRAT1,THEMIS
TRAT1,USP30-AS1
TRAT1,CCR7
TRAT1,UBD
TRAT1,GZMA
TRAT1,IL2RG
TRAT1,CXCL9
TRAT1,GPR174
SRD5A2,TMEM179
SRD5A2,LINC03044
CENPM,TEX14
LOC105378179,CENPH
LOC105378179,RNU2-1
LOC105378179,SCARNA5
LOC105378179,XRCC2
LOC105378179,RN7SL2
LOC105378179,AQP1
LOC105378179,AQP7
LOC105378179,NCAPG2
TK1,H2AC16
TK1,LOC105377508
TK1,ISOC1
ZFHX4-AS1,CTHRC1
ZFHX4-AS1,GRIN2D
ZFHX4-AS1,MKRN3
ZFHX4-AS1,BMAL2-AS1
ZFHX4-AS1,COL11A1
ZFHX4-AS1,PDE8B
ZFHX4-AS1,KCNK6
ZFHX4-AS1,LEFTY2
ZFHX4-AS1,TACR2
ZFHX4-AS1,DQX1
ZFHX4-AS1,ZFHX4
ZFHX4-AS1,ISL2
ZFHX4-AS1,VEPH1
ZFHX4-AS1,DLX1
ZFHX4-AS1,LOC107985492
ZFHX4-AS1,RUNX2
CNIH2,OGFRP1
ALX4,G0S2
ALX4,HS3ST2
NUP210,CDKN2A-AS1
NUP210,CDKN2B
NUP210,RGMB
NUP210,RDM1
NUP210,FAM201A
NUP210,ECT2
NUP210,CDKN2A
NUP210,ANKRD18A
NUP210,MIR503HG
HJURP,PAX9
CENPA,NRN1
CENPA,LRRC55
CENPA,LINC02754
SACS-AS1,DIRAS3
BIRC5,H2AC16
ICAM1,MIR9898
ERCC6L,H2AC16
PDE8B,ISOC1
PDE8B,PLEK2
TCF7,FRGCA
PLEK2,KCNK13
PLEK2,PLEKHN1
PLEK2,LINC00673
PLEK2,WNT7B
PLEK2,CLEC5A
PLEK2,LINC01614
PLEK2,MIR9898
PLEK2,CRYBG1
PLEK2,MT1G
PLEK2,NECTIN4
PLEK2,IL21R
PLEK2,IRX3
PLEK2,SLC12A8
PLEK2,SMCO2
PLEK2,STEAP3
PLEK2,FHAD1
PLEK2,LINC00942
PLEK2,LRRC15
PLEK2,IL21R-AS1
PLEK2,KRT8
PLEK2,GLYATL2
PLEK2,LOC105377123
PLEK2,RGS1
PLEK2,TFCP2L1
PLEK2,LOC105373581
PLEK2,RUNX2-AS1
PLEK2,COL10A1
PLEK2,SLC6A7
HS3ST2,ISM2
HS3ST2,LOC107984851
TACR2,FOXCUT
TACR2,ISOC1
CD3E,MEI1
CD3E,CTLA4
CD3E,TMPRSS3
MAD2L1,H3C8
MAD2L1,ANOS1
CDT1,SOX11
CDT1,TMEM132E
EYA2-AS1,GPR87
EYA2-AS1,BBOX1
CXCR4,BANK1
NUAK2,SEL1L3
NUAK2,LOC101927344
NUAK2,TRAC
NUAK2,LOC100240735
NUAK2,LINC01857
NUAK2,TMEM238
NUAK2,HSD11B1
DSCAML1,PLP1
RGS1,MIR9898
ADAMTS19,LINC03044
ADAMTS19,ISOC1
LINC03044,DDX11L17
LINC03044,HOXC11
LINC03044,HOXC9
LINC03044,LOC105371664
LINC03044,SLC16A3
LINC03044,ISOC1
LINC03044,PTGS2
LINC03044,HOXC6
LINC02154,WDR49
PEG3,LOC105377508
BBOX1,SMIM45
BBOX1,LGR5
BBOX1,TRPV2
SMIM45,RAC3
SMIM45,PBX4
ZIC2,LINC02475
PKIB,CDC25A
PKIB,HS3ST3B1
H2AC16,PRAME
H2AC16,RFPL1
H2AC16,C10orf88B
H2AC16,ISOC1
H2AC16,SRL
H2AC16,LOC105377508
H2AC16,LEFTY2
H2AC16,ITPRIPL1
H2AC16,NCAPH
H2AC16,RAET1K
HOXB13,DLX4
HOXB13,MIR3185
HOXB13,RAET1K
DLX4,PTGS2
MGC12916,HS3ST3A1
MGC12916,HK2
CXCR2P1,GBP1P1
LINC00601,LOC107984475
LINC00601,LOC105372613
LINC00601,ITIH5
LINC00601,EDIL3-DT
LOC107984475,LOC102723724
LOC107984475,LINC01583
TNFSF13B,TSHR
LINC00673,LOC105374353
LINC00673,STON2
SALL4,DLX6
LOC105377508,LINC02328
LOC105377508,OLFML2B
LOC105377508,CHRDL1
LOC105377508,DLX1
LOC105377508,LOC107985492
LOC105377508,MKRN3
LOC105377508,ATP6V0D2
LOC105377508,LEFTY2
LOC105377508,FIRRE
FMNL1-AS1,LOC105370953
FMNL1-AS1,MOCOS
FMNL1-AS1,AKR1B10
XKR9,LOC105375894
LOC105375894,LOC105378523
PBX4,DGAT2
PBX4,PRKCG
PBX4,LINC01152
DGAT2,FNDC11
BMAL2,LOC105375690
BMAL2,SCN8A
ZBP1,SLC27A2
GZMA,CSAG3
ULBP2,ZNF560
TMPRSS3,PRSS21
TMPRSS3,BARX2
BLM,CYP26B1
TESMIN,GOLGA2P5
TESMIN,CRYBG2
TESMIN,TMEM238
LMO1,LOC105369685
LOC105369685,GIPC3
MIR9898,AIM2
MIR9898,HCAR3
MIR9898,MT1G
MIR9898,MOCOS
ACAN,LOC105370960
ACAN,C4orf19
ACAN,LMOD3
ACAN,OTOAP1
HRC,ATP1A2
HRC,LOC101927272
AK5,LINC03016
SHANK1,LOC105376266
SHANK1,LINC02340
ETV7,CYP2S1
SPOCD1,PTGS2
PTGS2,PACERR
LINC02084,DCC
ANOS1,HAS2
HAS2,LOC105369551
PITX1,GLYATL1
RAB3B,GLRA4
GRIA4,RNF157-AS1
GRIA4,RNF157
RNF157-AS1,HOXB6
ITPRIPL1,LINC01971
SCN7A,GALNT9
FOXD1,NEURL1
FOXD1,FOXD2-AS1
FOXD1,SALL1
SH2D4A,SPINK1
SPINK1,KCNJ15
BRME1,KCNF1
KCNF1,BDKRB1
LINC01614,FHAD1
LINC01614,LOC107984301
RDM1,SOX2
NEURL3,HMSD
HMSD,TFAP2A-AS1
ISOC1,ULBP1
ISOC1,IGF2BP1
ISOC1,LEFTY2
ISOC1,HOXC9
ISOC1,LOC102723654
ISOC1,SLAMF9
ISOC1,SLC16A3
ISOC1,HOXC11
LOC105372212,SERPIND1
LOC105372212,LOC105369965
FAM111B,RNF157
TENM2,LOC105373150
TENM2,ESCO2
POC1A,LOC107984763
SIX1,CDC20B
SIX1,SMCO3
SIX1,AQP7
MIR3185,PRAC2
MIR3185,LPAR3
MIR3185,MUC15
CENPF,TMEM163
BMAL2-AS1,PAX6
SYT4,NOS2P3
LINC00944,DCSTAMP
DCSTAMP,INHBA-AS1
FBXO43,ACBD7
TICRR,TCF21
CCNO,SOWAHA
CCNO,LOC107985681
CCNO,CAMK2N2
CD2,SYTL1
CDKN2B,CA3
LOC107985436,LOC105374986
LOC105374986,KIFC1
LOC105376266,PCDH9
OTOAP1,CBLN4
CD5,LOC101927687
IL36G,CHRFAM7A
EDIL3-DT,PLSCR2
EDIL3-DT,RXFP1
LPAR3,TAF7L
MIMT1,TBX15
TBX15,LOC105369965
GNB1-DT,AQP7
GNB1-DT,SEL1L2
LOC107984886,LINC02370
SLC27A2,HOOK1
SLC27A2,GATA3
SLC27A2,SYNGR3
WNT10B,DQX1
KIFC1,OR2B6
NEURL1,MYT1
HK2,OTOA
TRIM59,HSD11B2
TRIM59,TNNI1
TRIM59,SMOC2
ECEL1,BARX2
BARX2,INSRR
CD3D,CHI3L2
PI15,TFAP2A-AS1
LOC107985681,LNCOC1
LOC107985681,P3H2
EPO,HAPLN1
IGF2BP1,LTK
COL11A2,LOC101927069
ANKRD18A,CA3
GPR61,ENPP5
GPR61,LRRC63
COL11A1,SLC26A4-AS1
EZH2,GPC3
ARL4C,LIPC
ARL4C,SIGLEC15
DCST1-AS1,ZFAND3-DT
BDKRB1,TMEM108
CD70,TNFSF9
ITIH5,MESP2
MESP2,KCNE5
PEG3-AS1,LOC284240
CA3,RASEF
CA3,SPIB
CA3,LOC107986606
CA3,FAM201A
CRISP2,GALNT9
CRISP2,GPR22
CRISP2,GALNT9-AS1
GALNT9,DACT2
GUCY1A2,H2AC13
H2AC13,STEAP1B
KIF23,MYL11
FOXD2-AS1,ASIC2
HTR1D,SERINC2
HTR1D,COCH
HTR1D,ELOVL3
DLX6,DLX5
DLX6,DLX6-AS1
DIRAS3,FRMPD4
LOC102724765,GRM2
LINC01615,LOC107986951
PXDNL,HOXB9
MIR4260,FMO3
MIR4260,LAMB3
MIR4260,CYP2S1
FMO3,LOC105378825
FMO3,GLDN
MKX,ST6GALNAC5
HOXC11,GDPD2
LOC100240735,WWC1
HOXC8,HOXC9
RIPK4,ARHGAP28
LOC105372613,LOC105377043
AQP1,LOC105377402
LOC105377402,LOC101928212
IGF2,SFRP1
CYP2S1,SPINT1
CBLN4,C6
VSIG10L2,SNORA69
CCR7,BFSP2
MYT1,KLK6
CYP2J2,LOC107985513
IGKJ5,RIPPLY3
LOC105371664,MGST1
RUNX2,LUARIS
MTTP,LOC105376041
LINC00942,S100A2
RAD51,NDST3
EFNA5,ACTA1
EFNA5,PAX6
COCH,ACBD7
ACBD7,LOC100506071
GAGE12H,GAGE2A
ADM2,H2BC9
ADM2,ZYG11A
APOC4-APOC2,NBPF6
P3H2-AS1,SLC26A4-AS1
P3H2-AS1,STARD13-AS
RGS16,VEGFD
OR2B6,CACNG5
OR2B6,SNORD160
DLX6-AS1,LUCAT1
PACERR,ABCD2
FBP1,PLCH2
HOXB6,TBX4
HOXB6,BMP3
TBX4,CCDC194
LINC02287,LINC02370
FLRT2-AS1,ZIC4
MOCOS,CSAG1
CSAG2,CSAG1
FOXG1,LINC01551
LMOD3,FATE1
ZNF114,SAMD5
ZNF114,MIR4477A
